fp_resample_aal , registered
fp_resample_fmri_stereo , registered
fp_t1_preprocess_subject1 , registered
fp_resample_aal , running
fp_resample_aal , finished
fp_resample_fmri_stereo , running
fp_resample_fmri_stereo , finished
fp_slice_timing_subject1_session1_motor , registered
fp_t1_preprocess_subject1 , running
fp_t1_preprocess_subject1 , finished
fp_t1_preprocess_subject2 , registered
fp_slice_timing_subject1_session1_motor , running
fp_slice_timing_subject1_session1_motor , finished
fp_t1_preprocess_subject2 , running
fp_t1_preprocess_subject2 , finished
fp_motion_target_subject1_session1_motor , registered
fp_slice_timing_subject2_session1_motor , registered
fp_motion_target_subject1_session1_motor , running
fp_motion_target_subject1_session1_motor , finished
fp_qc_coregister_group_anat_stereolin , registered
fp_slice_timing_subject2_session1_motor , running
fp_slice_timing_subject2_session1_motor , finished
fp_qc_coregister_group_anat_stereolin , running
fp_qc_coregister_group_anat_stereolin , finished
fp_anat2func_subject1 , registered
fp_motion_Wrun_subject1_session1_motor , registered
fp_anat2func_subject1 , running
fp_anat2func_subject1 , finished
fp_motion_target_subject2_session1_motor , registered
fp_motion_Wrun_subject1_session1_motor , running
fp_motion_Wrun_subject1_session1_motor , finished
fp_concat_transf_nl_subject1 , registered
fp_motion_target_subject2_session1_motor , running
fp_motion_target_subject2_session1_motor , finished
fp_motion_parameters_subject1_session1_motor , registered
fp_concat_transf_nl_subject1 , running
fp_concat_transf_nl_subject1 , finished
fp_motion_Wrun_subject2_session1_motor , registered
fp_motion_parameters_subject1_session1_motor , running
fp_motion_parameters_subject1_session1_motor , finished
fp_motion_Wrun_subject2_session1_motor , running
fp_motion_Wrun_subject2_session1_motor , finished
fp_anat2func_subject2 , registered
fp_resample_subject1_session1_motor , registered
fp_anat2func_subject2 , running
fp_anat2func_subject2 , finished
fp_motion_parameters_subject2_session1_motor , registered
fp_resample_subject1_session1_motor , running
fp_resample_subject1_session1_motor , finished
fp_concat_transf_nl_subject2 , registered
fp_motion_parameters_subject2_session1_motor , running
fp_motion_parameters_subject2_session1_motor , finished
fp_concat_transf_nl_subject2 , running
fp_concat_transf_nl_subject2 , finished
fp_qc_motion_subject1 , registered
fp_time_filter_subject1_session1_motor , registered
fp_qc_motion_subject1 , running
fp_qc_motion_subject1 , finished
fp_resample_subject2_session1_motor , registered
fp_time_filter_subject1_session1_motor , running
fp_time_filter_subject1_session1_motor , finished
fp_resample_subject2_session1_motor , running
fp_resample_subject2_session1_motor , finished
fp_mask_corsica_subject1 , registered
fp_qc_group_coregister_anat_stereonl , registered
fp_mask_corsica_subject1 , running
fp_mask_corsica_subject1 , finished
fp_qc_motion_subject2 , registered
fp_qc_group_coregister_anat_stereonl , running
fp_qc_group_coregister_anat_stereonl , finished
fp_confounds_subject1_session1_motor , registered
fp_qc_motion_subject2 , running
fp_qc_motion_subject2 , finished
fp_time_filter_subject2_session1_motor , registered
fp_confounds_subject1_session1_motor , running
fp_confounds_subject1_session1_motor , finished
fp_mask_corsica_subject2 , registered
fp_time_filter_subject2_session1_motor , running
fp_time_filter_subject2_session1_motor , finished
fp_sica_subject1_run1 , registered
fp_mask_corsica_subject2 , running
fp_mask_corsica_subject2 , finished
fp_component_supp_subject1_run1 , registered
fp_sica_subject1_run1 , running
fp_sica_subject1_run1 , finished
fp_confounds_subject2_session1_motor , registered
fp_component_supp_subject1_run1 , running
fp_component_supp_subject1_run1 , finished
fp_confounds_subject2_session1_motor , running
fp_confounds_subject2_session1_motor , finished
fp_component_sel_stem_subject1_run1 , registered
fp_component_sel_ventricles_subject1_run1 , registered
fp_component_sel_stem_subject1_run1 , running
fp_component_sel_stem_subject1_run1 , finished
fp_qc_corsica_var_subject1_session1_motor , registered
fp_component_sel_ventricles_subject1_run1 , running
fp_component_sel_ventricles_subject1_run1 , finished
fp_smooth_subject1_session1_motor , registered
fp_qc_corsica_var_subject1_session1_motor , running
fp_qc_corsica_var_subject1_session1_motor , finished
fp_sica_subject2_run1 , registered
fp_smooth_subject1_session1_motor , running
fp_smooth_subject1_session1_motor , finished
fp_component_supp_subject2_run1 , registered
fp_sica_subject2_run1 , running
fp_sica_subject2_run1 , finished
fp_qc_group_coregister_func , registered
fp_component_supp_subject2_run1 , running
fp_component_supp_subject2_run1 , finished
fp_qc_group_coregister_func , running
fp_qc_group_coregister_func , finished
fp_component_sel_stem_subject2_run1 , registered
fp_component_sel_ventricles_subject2_run1 , registered
fp_component_sel_stem_subject2_run1 , running
fp_component_sel_stem_subject2_run1 , finished
fp_qc_corsica_var_subject2_session1_motor , registered
fp_component_sel_ventricles_subject2_run1 , running
fp_component_sel_ventricles_subject2_run1 , finished
fp_smooth_subject2_session1_motor , registered
fp_qc_corsica_var_subject2_session1_motor , running
fp_qc_corsica_var_subject2_session1_motor , finished
fp_qc_group_motion_estimation , registered
fp_smooth_subject2_session1_motor , running
fp_smooth_subject2_session1_motor , finished
fp_qc_group_wm , registered
fp_qc_group_motion_estimation , running
fp_qc_group_motion_estimation , finished
fp_qc_group_vent , registered
fp_qc_group_wm , running
fp_qc_group_wm , finished
fp_qc_group_slow_drift , registered
fp_qc_group_vent , running
fp_qc_group_vent , finished
fp_qc_group_high , registered
fp_qc_group_slow_drift , running
fp_qc_group_slow_drift , finished
fp_qc_group_motion , registered
fp_qc_group_high , running
fp_qc_group_high , finished
fp_qc_group_compcor , registered
fp_qc_group_motion , running
fp_qc_group_motion , finished
fp_qc_group_gse , registered
fp_qc_group_compcor , running
fp_qc_group_compcor , finished
fp_qc_group_scrubbing , registered
fp_qc_group_gse , running
fp_qc_group_gse , finished
fp_qc_group_corsica_var_group , registered
fp_qc_group_scrubbing , running
fp_qc_group_scrubbing , finished
fp_qc_group_corsica_var_group , running
fp_qc_group_corsica_var_group , finished
con_mask_rois , registered
rg_mask_areas , registered
con_mask_rois , running
con_mask_rois , finished
fir_fir_subject_subject1 , registered
rg_mask_areas , running
rg_mask_areas , finished
con_connectome_subject1 , registered
fir_fir_subject_subject1 , running
fir_fir_subject_subject1 , finished
rg_tseries_subject1_session1_motor , registered
con_connectome_subject1 , running
con_connectome_subject1 , finished
rg_tseries_subject2_session1_motor , registered
rg_tseries_subject1_session1_motor , running
rg_tseries_subject1_session1_motor , finished
rg_neighbourhood_areas , registered
rg_tseries_subject2_session1_motor , running
rg_tseries_subject2_session1_motor , finished
con_connectome_subject2 , registered
rg_neighbourhood_areas , running
rg_neighbourhood_areas , finished
con_connectome_subject2 , running
con_connectome_subject2 , finished
con_graph_prop_rois_subject1 , registered
con_graph_prop_rois_subject1 , running
con_graph_prop_rois_subject1 , finished
rg_region_growing_area_2001 , registered
rg_region_growing_area_2002 , registered
rg_region_growing_area_2101 , registered
rg_region_growing_area_2001 , running
rg_region_growing_area_2001 , finished
rg_region_growing_area_2002 , running
rg_region_growing_area_2002 , finished
rg_region_growing_area_2101 , running
rg_region_growing_area_2101 , finished
rg_region_growing_area_2102 , registered
rg_region_growing_area_2111 , registered
rg_region_growing_area_2112 , registered
rg_region_growing_area_2102 , running
rg_region_growing_area_2102 , finished
rg_region_growing_area_2111 , running
rg_region_growing_area_2111 , finished
rg_region_growing_area_2112 , running
rg_region_growing_area_2112 , finished
rg_region_growing_area_2201 , registered
rg_region_growing_area_2202 , registered
rg_region_growing_area_2211 , registered
rg_region_growing_area_2201 , running
rg_region_growing_area_2201 , finished
rg_region_growing_area_2202 , running
rg_region_growing_area_2202 , finished
rg_region_growing_area_2211 , running
rg_region_growing_area_2211 , finished
rg_region_growing_area_2212 , registered
rg_region_growing_area_2301 , registered
rg_region_growing_area_2302 , registered
rg_region_growing_area_2212 , running
rg_region_growing_area_2212 , finished
rg_region_growing_area_2301 , running
rg_region_growing_area_2301 , finished
rg_region_growing_area_2302 , running
rg_region_growing_area_2302 , finished
rg_region_growing_area_2311 , registered
rg_region_growing_area_2312 , registered
rg_region_growing_area_2321 , registered
rg_region_growing_area_2311 , running
rg_region_growing_area_2311 , finished
rg_region_growing_area_2312 , running
rg_region_growing_area_2312 , finished
rg_region_growing_area_2321 , running
rg_region_growing_area_2321 , finished
rg_region_growing_area_2322 , registered
rg_region_growing_area_2331 , registered
rg_region_growing_area_2332 , registered
rg_region_growing_area_2322 , running
rg_region_growing_area_2322 , finished
rg_region_growing_area_2331 , running
rg_region_growing_area_2331 , finished
rg_region_growing_area_2332 , running
rg_region_growing_area_2332 , finished
rg_region_growing_area_2401 , registered
rg_region_growing_area_2402 , registered
rg_region_growing_area_2501 , registered
rg_region_growing_area_2401 , running
rg_region_growing_area_2401 , finished
rg_region_growing_area_2402 , running
rg_region_growing_area_2402 , finished
rg_region_growing_area_2501 , running
rg_region_growing_area_2501 , finished
rg_region_growing_area_2502 , registered
rg_region_growing_area_2601 , registered
rg_region_growing_area_2602 , registered
rg_region_growing_area_2502 , running
rg_region_growing_area_2502 , finished
rg_region_growing_area_2601 , running
rg_region_growing_area_2601 , finished
rg_region_growing_area_2602 , running
rg_region_growing_area_2602 , finished
rg_region_growing_area_2611 , registered
rg_region_growing_area_2612 , registered
rg_region_growing_area_2701 , registered
rg_region_growing_area_2611 , running
rg_region_growing_area_2611 , finished
rg_region_growing_area_2612 , running
rg_region_growing_area_2612 , finished
rg_region_growing_area_2701 , running
rg_region_growing_area_2701 , finished
rg_region_growing_area_2702 , registered
rg_region_growing_area_3001 , registered
rg_region_growing_area_3002 , registered
rg_region_growing_area_2702 , running
rg_region_growing_area_2702 , finished
rg_region_growing_area_3001 , running
rg_region_growing_area_3001 , finished
rg_region_growing_area_3002 , running
rg_region_growing_area_3002 , finished
rg_region_growing_area_4001 , registered
rg_region_growing_area_4002 , registered
rg_region_growing_area_4011 , registered
rg_region_growing_area_4001 , running
rg_region_growing_area_4001 , finished
rg_region_growing_area_4002 , running
rg_region_growing_area_4002 , finished
rg_region_growing_area_4011 , running
rg_region_growing_area_4011 , finished
rg_region_growing_area_4012 , registered
rg_region_growing_area_4021 , registered
rg_region_growing_area_4022 , registered
rg_region_growing_area_4012 , running
rg_region_growing_area_4012 , finished
rg_region_growing_area_4021 , running
rg_region_growing_area_4021 , finished
rg_region_growing_area_4022 , running
rg_region_growing_area_4022 , finished
rg_region_growing_area_4101 , registered
rg_region_growing_area_4102 , registered
rg_region_growing_area_4111 , registered
rg_region_growing_area_4101 , running
rg_region_growing_area_4101 , finished
rg_region_growing_area_4102 , running
rg_region_growing_area_4102 , finished
rg_region_growing_area_4111 , running
rg_region_growing_area_4111 , finished
rg_region_growing_area_4112 , registered
rg_region_growing_area_4201 , registered
rg_region_growing_area_4202 , registered
rg_region_growing_area_4112 , running
rg_region_growing_area_4112 , finished
rg_region_growing_area_4201 , running
rg_region_growing_area_4201 , finished
rg_region_growing_area_4202 , running
rg_region_growing_area_4202 , finished
rg_region_growing_area_5001 , registered
rg_region_growing_area_5002 , registered
rg_region_growing_area_5011 , registered
rg_region_growing_area_5001 , running
rg_region_growing_area_5001 , finished
rg_region_growing_area_5002 , running
rg_region_growing_area_5002 , finished
rg_region_growing_area_5011 , running
rg_region_growing_area_5011 , finished
rg_region_growing_area_5012 , registered
rg_region_growing_area_5021 , registered
rg_region_growing_area_5022 , registered
rg_region_growing_area_5012 , running
rg_region_growing_area_5012 , finished
rg_region_growing_area_5021 , running
rg_region_growing_area_5021 , finished
rg_region_growing_area_5022 , running
rg_region_growing_area_5022 , finished
rg_region_growing_area_5101 , registered
rg_region_growing_area_5102 , registered
rg_region_growing_area_5201 , registered
rg_region_growing_area_5101 , running
rg_region_growing_area_5101 , finished
rg_region_growing_area_5102 , running
rg_region_growing_area_5102 , finished
rg_region_growing_area_5201 , running
rg_region_growing_area_5201 , finished
rg_region_growing_area_5202 , registered
rg_region_growing_area_5301 , registered
rg_region_growing_area_5302 , registered
rg_region_growing_area_5202 , running
rg_region_growing_area_5202 , finished
rg_region_growing_area_5301 , running
rg_region_growing_area_5301 , finished
rg_region_growing_area_5302 , running
rg_region_growing_area_5302 , finished
rg_region_growing_area_5401 , registered
rg_region_growing_area_5402 , registered
rg_region_growing_area_6001 , registered
rg_region_growing_area_5401 , running
rg_region_growing_area_5401 , finished
rg_region_growing_area_5402 , running
rg_region_growing_area_5402 , finished
rg_region_growing_area_6001 , running
rg_region_growing_area_6001 , finished
rg_region_growing_area_6002 , registered
rg_region_growing_area_6101 , registered
rg_region_growing_area_6102 , registered
rg_region_growing_area_6002 , running
rg_region_growing_area_6002 , finished
rg_region_growing_area_6101 , running
rg_region_growing_area_6101 , finished
rg_region_growing_area_6102 , running
rg_region_growing_area_6102 , finished
rg_region_growing_area_6201 , registered
rg_region_growing_area_6202 , registered
rg_region_growing_area_6211 , registered
rg_region_growing_area_6201 , running
rg_region_growing_area_6201 , finished
rg_region_growing_area_6202 , running
rg_region_growing_area_6202 , finished
rg_region_growing_area_6211 , running
rg_region_growing_area_6211 , finished
rg_region_growing_area_6212 , registered
rg_region_growing_area_6221 , registered
rg_region_growing_area_6222 , registered
rg_region_growing_area_6212 , running
rg_region_growing_area_6212 , finished
rg_region_growing_area_6221 , running
rg_region_growing_area_6221 , finished
rg_region_growing_area_6222 , running
rg_region_growing_area_6222 , finished
rg_region_growing_area_6301 , registered
rg_region_growing_area_6302 , registered
rg_region_growing_area_6401 , registered
rg_region_growing_area_6301 , running
rg_region_growing_area_6301 , finished
rg_region_growing_area_6302 , running
rg_region_growing_area_6302 , finished
rg_region_growing_area_6401 , running
rg_region_growing_area_6401 , finished
rg_region_growing_area_6402 , registered
rg_region_growing_area_7001 , registered
rg_region_growing_area_7002 , registered
rg_region_growing_area_6402 , running
rg_region_growing_area_6402 , finished
rg_region_growing_area_7001 , running
rg_region_growing_area_7001 , finished
rg_region_growing_area_7002 , running
rg_region_growing_area_7002 , finished
rg_region_growing_area_7011 , registered
rg_region_growing_area_7012 , registered
rg_region_growing_area_7021 , registered
rg_region_growing_area_7011 , running
rg_region_growing_area_7011 , finished
rg_region_growing_area_7012 , running
rg_region_growing_area_7012 , finished
rg_region_growing_area_7021 , running
rg_region_growing_area_7021 , finished
rg_region_growing_area_7022 , registered
rg_region_growing_area_7101 , registered
rg_region_growing_area_7102 , registered
rg_region_growing_area_7022 , running
rg_region_growing_area_7022 , finished
rg_region_growing_area_7101 , running
rg_region_growing_area_7101 , finished
rg_region_growing_area_7102 , running
rg_region_growing_area_7102 , finished
rg_region_growing_area_8101 , registered
rg_region_growing_area_8102 , registered
rg_region_growing_area_8111 , registered
rg_region_growing_area_8101 , running
rg_region_growing_area_8101 , finished
rg_region_growing_area_8102 , running
rg_region_growing_area_8102 , finished
rg_region_growing_area_8111 , running
rg_region_growing_area_8111 , finished
rg_region_growing_area_8112 , registered
rg_region_growing_area_8121 , registered
rg_region_growing_area_8122 , registered
rg_region_growing_area_8112 , running
rg_region_growing_area_8112 , finished
rg_region_growing_area_8121 , running
rg_region_growing_area_8121 , finished
rg_region_growing_area_8122 , running
rg_region_growing_area_8122 , finished
rg_region_growing_area_8201 , registered
rg_region_growing_area_8202 , registered
rg_region_growing_area_8211 , registered
rg_region_growing_area_8201 , running
rg_region_growing_area_8201 , finished
rg_region_growing_area_8202 , running
rg_region_growing_area_8202 , finished
rg_region_growing_area_8211 , running
rg_region_growing_area_8211 , finished
rg_region_growing_area_8212 , registered
rg_region_growing_area_8301 , registered
rg_region_growing_area_8302 , registered
rg_region_growing_area_8212 , running
rg_region_growing_area_8212 , finished
rg_region_growing_area_8301 , running
rg_region_growing_area_8301 , finished
rg_region_growing_area_8302 , running
rg_region_growing_area_8302 , finished
rg_region_growing_area_9001 , registered
rg_region_growing_area_9002 , registered
rg_region_growing_area_9011 , registered
rg_region_growing_area_9001 , running
rg_region_growing_area_9001 , finished
rg_region_growing_area_9002 , running
rg_region_growing_area_9002 , finished
rg_region_growing_area_9011 , running
rg_region_growing_area_9011 , finished
rg_region_growing_area_9012 , registered
rg_region_growing_area_9021 , registered
rg_region_growing_area_9022 , registered
rg_region_growing_area_9012 , running
rg_region_growing_area_9012 , finished
rg_region_growing_area_9021 , running
rg_region_growing_area_9021 , finished
rg_region_growing_area_9022 , running
rg_region_growing_area_9022 , finished
rg_region_growing_area_9031 , registered
rg_region_growing_area_9032 , registered
rg_region_growing_area_9041 , registered
rg_region_growing_area_9031 , running
rg_region_growing_area_9031 , finished
rg_region_growing_area_9032 , running
rg_region_growing_area_9032 , finished
rg_region_growing_area_9041 , running
rg_region_growing_area_9041 , finished
rg_region_growing_area_9042 , registered
rg_region_growing_area_9051 , registered
rg_region_growing_area_9052 , registered
rg_region_growing_area_9042 , running
rg_region_growing_area_9042 , finished
rg_region_growing_area_9051 , running
rg_region_growing_area_9051 , finished
rg_region_growing_area_9052 , running
rg_region_growing_area_9052 , finished
rg_region_growing_area_9061 , registered
rg_region_growing_area_9062 , registered
rg_region_growing_area_9071 , registered
rg_region_growing_area_9061 , running
rg_region_growing_area_9061 , finished
rg_region_growing_area_9062 , running
rg_region_growing_area_9062 , finished
rg_region_growing_area_9071 , running
rg_region_growing_area_9071 , finished
rg_region_growing_area_9072 , registered
rg_region_growing_area_9081 , registered
rg_region_growing_area_9082 , registered
rg_region_growing_area_9072 , running
rg_region_growing_area_9072 , finished
rg_region_growing_area_9081 , running
rg_region_growing_area_9081 , finished
rg_region_growing_area_9082 , running
rg_region_growing_area_9082 , finished
rg_region_growing_area_9100 , registered
rg_region_growing_area_9110 , registered
rg_region_growing_area_9120 , registered
rg_region_growing_area_9100 , running
rg_region_growing_area_9100 , finished
rg_region_growing_area_9110 , running
rg_region_growing_area_9110 , finished
rg_region_growing_area_9120 , running
rg_region_growing_area_9120 , finished
rg_region_growing_area_9130 , registered
rg_region_growing_area_9140 , registered
rg_region_growing_area_9150 , registered
rg_region_growing_area_9130 , running
rg_region_growing_area_9130 , finished
rg_region_growing_area_9140 , running
rg_region_growing_area_9140 , finished
rg_region_growing_area_9150 , running
rg_region_growing_area_9150 , finished
con_graph_prop_rois_subject2 , registered
rg_region_growing_area_9160 , registered
rg_region_growing_area_9170 , registered
con_graph_prop_rois_subject2 , running
con_graph_prop_rois_subject2 , finished
rg_region_growing_area_9160 , running
rg_region_growing_area_9160 , finished
rg_region_growing_area_9170 , running
rg_region_growing_area_9170 , finished
con_rmap_seeds_subject1 , registered
con_summary_graph_prop_rois , registered
rg_merge_part , registered
con_rmap_seeds_subject1 , running
con_rmap_seeds_subject1 , finished
con_summary_graph_prop_rois , running
con_summary_graph_prop_rois , finished
con_rmap_seeds_subject2 , registered
rg_merge_part , running
rg_merge_part , finished
fir_fir_subject_subject2 , registered
con_rmap_seeds_subject2 , running
con_rmap_seeds_subject2 , finished
fir_mask_areas , registered
fir_fir_subject_subject2 , running
fir_fir_subject_subject2 , finished
con_average_rmap_PCC , registered
fir_mask_areas , running
fir_mask_areas , finished
con_average_rmap_aMPFC , registered
con_average_rmap_PCC , running
con_average_rmap_PCC , finished
con_average_rmap_MTL , registered
con_average_rmap_aMPFC , running
con_average_rmap_aMPFC , finished
con_average_rmap_FUS , registered
con_average_rmap_MTL , running
con_average_rmap_MTL , finished
con_average_rmap_PCUNm , registered
con_average_rmap_FUS , running
con_average_rmap_FUS , finished
con_average_rmap_PCUNm , running
con_average_rmap_PCUNm , finished
con_average_rmap_dMPFC3 , registered
fir_tseries_subject1_session1_motor , registered
con_average_rmap_dMPFC3 , running
con_average_rmap_dMPFC3 , finished
fir_tseries_subject2_session1_motor , registered
fir_tseries_subject1_session1_motor , running
fir_tseries_subject1_session1_motor , finished
fir_neighbourhood_areas , registered
fir_tseries_subject2_session1_motor , running
fir_tseries_subject2_session1_motor , finished
gfir_networks_cambridge100 , registered
fir_neighbourhood_areas , running
fir_neighbourhood_areas , finished
gfir_networks_cambridge100bis , registered
gfir_networks_cambridge100 , running
gfir_networks_cambridge100 , finished
fir_region_growing_area_2001 , registered
gfir_networks_cambridge100bis , running
gfir_networks_cambridge100bis , finished
fir_region_growing_area_2002 , registered
fir_region_growing_area_2001 , running
fir_region_growing_area_2001 , finished
fir_region_growing_area_2002 , running
fir_region_growing_area_2002 , finished
fir_region_growing_area_2101 , registered
fir_region_growing_area_2102 , registered
fir_region_growing_area_2111 , registered
fir_region_growing_area_2101 , running
fir_region_growing_area_2101 , finished
fir_region_growing_area_2102 , running
fir_region_growing_area_2102 , finished
fir_region_growing_area_2111 , running
fir_region_growing_area_2111 , finished
fir_region_growing_area_2112 , registered
fir_region_growing_area_2201 , registered
fir_region_growing_area_2202 , registered
fir_region_growing_area_2112 , running
fir_region_growing_area_2112 , finished
fir_region_growing_area_2201 , running
fir_region_growing_area_2201 , finished
fir_region_growing_area_2202 , running
fir_region_growing_area_2202 , finished
fir_region_growing_area_2211 , registered
fir_region_growing_area_2212 , registered
fir_region_growing_area_2301 , registered
fir_region_growing_area_2211 , running
fir_region_growing_area_2211 , finished
fir_region_growing_area_2212 , running
fir_region_growing_area_2212 , finished
fir_region_growing_area_2301 , running
fir_region_growing_area_2301 , finished
fir_region_growing_area_2302 , registered
fir_region_growing_area_2311 , registered
fir_region_growing_area_2312 , registered
fir_region_growing_area_2302 , running
fir_region_growing_area_2302 , finished
fir_region_growing_area_2311 , running
fir_region_growing_area_2311 , finished
fir_region_growing_area_2312 , running
fir_region_growing_area_2312 , finished
fir_region_growing_area_2321 , registered
fir_region_growing_area_2322 , registered
fir_region_growing_area_2331 , registered
fir_region_growing_area_2321 , running
fir_region_growing_area_2321 , finished
fir_region_growing_area_2322 , running
fir_region_growing_area_2322 , finished
fir_region_growing_area_2331 , running
fir_region_growing_area_2331 , finished
fir_region_growing_area_2332 , registered
fir_region_growing_area_2401 , registered
fir_region_growing_area_2402 , registered
fir_region_growing_area_2332 , running
fir_region_growing_area_2332 , finished
fir_region_growing_area_2401 , running
fir_region_growing_area_2401 , finished
fir_region_growing_area_2402 , running
fir_region_growing_area_2402 , finished
fir_region_growing_area_2501 , registered
fir_region_growing_area_2502 , registered
fir_region_growing_area_2601 , registered
fir_region_growing_area_2501 , running
fir_region_growing_area_2501 , finished
fir_region_growing_area_2502 , running
fir_region_growing_area_2502 , finished
fir_region_growing_area_2601 , running
fir_region_growing_area_2601 , finished
fir_region_growing_area_2602 , registered
fir_region_growing_area_2611 , registered
fir_region_growing_area_2612 , registered
fir_region_growing_area_2602 , running
fir_region_growing_area_2602 , finished
fir_region_growing_area_2611 , running
fir_region_growing_area_2611 , finished
fir_region_growing_area_2612 , running
fir_region_growing_area_2612 , finished
fir_region_growing_area_2701 , registered
fir_region_growing_area_2702 , registered
fir_region_growing_area_3001 , registered
fir_region_growing_area_2701 , running
fir_region_growing_area_2701 , finished
fir_region_growing_area_2702 , running
fir_region_growing_area_2702 , finished
fir_region_growing_area_3001 , running
fir_region_growing_area_3001 , finished
fir_region_growing_area_3002 , registered
fir_region_growing_area_4001 , registered
fir_region_growing_area_4002 , registered
fir_region_growing_area_3002 , running
fir_region_growing_area_3002 , finished
fir_region_growing_area_4001 , running
fir_region_growing_area_4001 , finished
fir_region_growing_area_4002 , running
fir_region_growing_area_4002 , finished
fir_region_growing_area_4011 , registered
fir_region_growing_area_4012 , registered
fir_region_growing_area_4021 , registered
fir_region_growing_area_4011 , running
fir_region_growing_area_4011 , finished
fir_region_growing_area_4012 , running
fir_region_growing_area_4012 , finished
fir_region_growing_area_4021 , running
fir_region_growing_area_4021 , finished
fir_region_growing_area_4022 , registered
fir_region_growing_area_4101 , registered
fir_region_growing_area_4102 , registered
fir_region_growing_area_4022 , running
fir_region_growing_area_4022 , finished
fir_region_growing_area_4101 , running
fir_region_growing_area_4101 , finished
fir_region_growing_area_4102 , running
fir_region_growing_area_4102 , finished
fir_region_growing_area_4111 , registered
fir_region_growing_area_4112 , registered
fir_region_growing_area_4201 , registered
fir_region_growing_area_4111 , running
fir_region_growing_area_4111 , finished
fir_region_growing_area_4112 , running
fir_region_growing_area_4112 , finished
fir_region_growing_area_4201 , running
fir_region_growing_area_4201 , finished
fir_region_growing_area_4202 , registered
fir_region_growing_area_5001 , registered
fir_region_growing_area_5002 , registered
fir_region_growing_area_4202 , running
fir_region_growing_area_4202 , finished
fir_region_growing_area_5001 , running
fir_region_growing_area_5001 , finished
fir_region_growing_area_5002 , running
fir_region_growing_area_5002 , finished
fir_region_growing_area_5011 , registered
fir_region_growing_area_5012 , registered
fir_region_growing_area_5021 , registered
fir_region_growing_area_5011 , running
fir_region_growing_area_5011 , finished
fir_region_growing_area_5012 , running
fir_region_growing_area_5012 , finished
fir_region_growing_area_5021 , running
fir_region_growing_area_5021 , finished
fir_region_growing_area_5022 , registered
fir_region_growing_area_5101 , registered
fir_region_growing_area_5102 , registered
fir_region_growing_area_5022 , running
fir_region_growing_area_5022 , finished
fir_region_growing_area_5101 , running
fir_region_growing_area_5101 , finished
fir_region_growing_area_5102 , running
fir_region_growing_area_5102 , finished
fir_region_growing_area_5201 , registered
fir_region_growing_area_5202 , registered
fir_region_growing_area_5301 , registered
fir_region_growing_area_5201 , running
fir_region_growing_area_5201 , finished
fir_region_growing_area_5202 , running
fir_region_growing_area_5202 , finished
fir_region_growing_area_5301 , running
fir_region_growing_area_5301 , finished
fir_region_growing_area_5302 , registered
fir_region_growing_area_5401 , registered
fir_region_growing_area_5402 , registered
fir_region_growing_area_5302 , running
fir_region_growing_area_5302 , finished
fir_region_growing_area_5401 , running
fir_region_growing_area_5401 , finished
fir_region_growing_area_5402 , running
fir_region_growing_area_5402 , finished
fir_region_growing_area_6001 , registered
fir_region_growing_area_6002 , registered
fir_region_growing_area_6101 , registered
fir_region_growing_area_6001 , running
fir_region_growing_area_6001 , finished
fir_region_growing_area_6002 , running
fir_region_growing_area_6002 , finished
fir_region_growing_area_6101 , running
fir_region_growing_area_6101 , finished
fir_region_growing_area_6102 , registered
fir_region_growing_area_6201 , registered
fir_region_growing_area_6202 , registered
fir_region_growing_area_6102 , running
fir_region_growing_area_6102 , finished
fir_region_growing_area_6201 , running
fir_region_growing_area_6201 , finished
fir_region_growing_area_6202 , running
fir_region_growing_area_6202 , finished
fir_region_growing_area_6211 , registered
fir_region_growing_area_6212 , registered
fir_region_growing_area_6221 , registered
fir_region_growing_area_6211 , running
fir_region_growing_area_6211 , finished
fir_region_growing_area_6212 , running
fir_region_growing_area_6212 , finished
fir_region_growing_area_6221 , running
fir_region_growing_area_6221 , finished
fir_region_growing_area_6222 , registered
fir_region_growing_area_6301 , registered
fir_region_growing_area_6302 , registered
fir_region_growing_area_6222 , running
fir_region_growing_area_6222 , finished
fir_region_growing_area_6301 , running
fir_region_growing_area_6301 , finished
fir_region_growing_area_6302 , running
fir_region_growing_area_6302 , finished
fir_region_growing_area_6401 , registered
fir_region_growing_area_6402 , registered
fir_region_growing_area_7001 , registered
fir_region_growing_area_6401 , running
fir_region_growing_area_6401 , finished
fir_region_growing_area_6402 , running
fir_region_growing_area_6402 , finished
fir_region_growing_area_7001 , running
fir_region_growing_area_7001 , finished
fir_region_growing_area_7002 , registered
fir_region_growing_area_7011 , registered
fir_region_growing_area_7012 , registered
fir_region_growing_area_7002 , running
fir_region_growing_area_7002 , finished
fir_region_growing_area_7011 , running
fir_region_growing_area_7011 , finished
fir_region_growing_area_7012 , running
fir_region_growing_area_7012 , finished
fir_region_growing_area_7021 , registered
fir_region_growing_area_7022 , registered
fir_region_growing_area_7101 , registered
fir_region_growing_area_7021 , running
fir_region_growing_area_7021 , finished
fir_region_growing_area_7022 , running
fir_region_growing_area_7022 , finished
fir_region_growing_area_7101 , running
fir_region_growing_area_7101 , finished
fir_region_growing_area_7102 , registered
fir_region_growing_area_8101 , registered
fir_region_growing_area_8102 , registered
fir_region_growing_area_7102 , running
fir_region_growing_area_7102 , finished
fir_region_growing_area_8101 , running
fir_region_growing_area_8101 , finished
fir_region_growing_area_8102 , running
fir_region_growing_area_8102 , finished
fir_region_growing_area_8111 , registered
fir_region_growing_area_8112 , registered
fir_region_growing_area_8121 , registered
fir_region_growing_area_8111 , running
fir_region_growing_area_8111 , finished
fir_region_growing_area_8112 , running
fir_region_growing_area_8112 , finished
fir_region_growing_area_8121 , running
fir_region_growing_area_8121 , finished
fir_region_growing_area_8122 , registered
fir_region_growing_area_8201 , registered
fir_region_growing_area_8202 , registered
fir_region_growing_area_8122 , running
fir_region_growing_area_8122 , finished
fir_region_growing_area_8201 , running
fir_region_growing_area_8201 , finished
fir_region_growing_area_8202 , running
fir_region_growing_area_8202 , finished
fir_region_growing_area_8211 , registered
fir_region_growing_area_8212 , registered
fir_region_growing_area_8301 , registered
fir_region_growing_area_8211 , running
fir_region_growing_area_8211 , finished
fir_region_growing_area_8212 , running
fir_region_growing_area_8212 , finished
fir_region_growing_area_8301 , running
fir_region_growing_area_8301 , finished
fir_region_growing_area_8302 , registered
fir_region_growing_area_9001 , registered
fir_region_growing_area_9002 , registered
fir_region_growing_area_8302 , running
fir_region_growing_area_8302 , finished
fir_region_growing_area_9001 , running
fir_region_growing_area_9001 , finished
fir_region_growing_area_9002 , running
fir_region_growing_area_9002 , finished
fir_region_growing_area_9011 , registered
fir_region_growing_area_9012 , registered
fir_region_growing_area_9021 , registered
fir_region_growing_area_9011 , running
fir_region_growing_area_9011 , finished
fir_region_growing_area_9012 , running
fir_region_growing_area_9012 , finished
fir_region_growing_area_9021 , running
fir_region_growing_area_9021 , finished
fir_region_growing_area_9022 , registered
fir_region_growing_area_9031 , registered
fir_region_growing_area_9032 , registered
fir_region_growing_area_9022 , running
fir_region_growing_area_9022 , finished
fir_region_growing_area_9031 , running
fir_region_growing_area_9031 , finished
fir_region_growing_area_9032 , running
fir_region_growing_area_9032 , finished
fir_region_growing_area_9041 , registered
fir_region_growing_area_9042 , registered
fir_region_growing_area_9051 , registered
fir_region_growing_area_9041 , running
fir_region_growing_area_9041 , finished
fir_region_growing_area_9042 , running
fir_region_growing_area_9042 , finished
fir_region_growing_area_9051 , running
fir_region_growing_area_9051 , finished
fir_region_growing_area_9052 , registered
fir_region_growing_area_9061 , registered
fir_region_growing_area_9062 , registered
fir_region_growing_area_9052 , running
fir_region_growing_area_9052 , finished
fir_region_growing_area_9061 , running
fir_region_growing_area_9061 , finished
fir_region_growing_area_9062 , running
fir_region_growing_area_9062 , finished
fir_region_growing_area_9071 , registered
fir_region_growing_area_9072 , registered
fir_region_growing_area_9081 , registered
fir_region_growing_area_9071 , running
fir_region_growing_area_9071 , finished
fir_region_growing_area_9072 , running
fir_region_growing_area_9072 , finished
fir_region_growing_area_9081 , running
fir_region_growing_area_9081 , finished
fir_region_growing_area_9082 , registered
fir_region_growing_area_9100 , registered
fir_region_growing_area_9110 , registered
fir_region_growing_area_9082 , running
fir_region_growing_area_9082 , finished
fir_region_growing_area_9100 , running
fir_region_growing_area_9100 , finished
fir_region_growing_area_9110 , running
fir_region_growing_area_9110 , finished
fir_region_growing_area_9120 , registered
fir_region_growing_area_9130 , registered
fir_region_growing_area_9140 , registered
fir_region_growing_area_9120 , running
fir_region_growing_area_9120 , finished
fir_region_growing_area_9130 , running
fir_region_growing_area_9130 , finished
fir_region_growing_area_9140 , running
fir_region_growing_area_9140 , finished
fir_region_growing_area_9150 , registered
fir_region_growing_area_9160 , registered
fir_region_growing_area_9170 , registered
fir_region_growing_area_9150 , running
fir_region_growing_area_9150 , finished
fir_region_growing_area_9160 , running
fir_region_growing_area_9160 , finished
fir_region_growing_area_9170 , running
fir_region_growing_area_9170 , finished
fir_merge_part , registered
gfir_fir_subject1a , registered
gfir_fir_subject1b , registered
fir_merge_part , running
fir_merge_part , finished
gfir_fir_subject1a , running
gfir_fir_subject1a , finished
fir_roi_tseries_subject_subject1 , registered
gfir_fir_subject1b , running
gfir_fir_subject1b , finished
fir_roi_tseries_subject_subject2 , registered
fir_roi_tseries_subject_subject1 , running
fir_roi_tseries_subject_subject1 , finished
gfir_fir_subject1c , registered
fir_roi_tseries_subject_subject2 , running
fir_roi_tseries_subject_subject2 , finished
fir_stability_ind_subject1 , registered
gfir_fir_subject1c , running
gfir_fir_subject1c , finished
fir_stability_ind_subject2 , registered
fir_stability_ind_subject1 , running
fir_stability_ind_subject1 , finished
gfir_fir_subject1d , registered
fir_stability_ind_subject2 , running
fir_stability_ind_subject2 , finished
fir_msteps_ind_subject1 , registered
gfir_fir_subject1d , running
gfir_fir_subject1d , finished
fir_stability_group_sci5 , registered
fir_msteps_ind_subject1 , running
fir_msteps_ind_subject1 , finished
fir_stability_group_sci10 , registered
fir_stability_group_sci5 , running
fir_stability_group_sci5 , finished
fir_summary_stability_avg_ind , registered
fir_stability_group_sci10 , running
fir_stability_group_sci10 , finished
fir_msteps_ind_subject2 , registered
fir_summary_stability_avg_ind , running
fir_summary_stability_avg_ind , finished
fir_summary_stability_group , registered
fir_msteps_ind_subject2 , running
fir_msteps_ind_subject2 , finished
fir_msteps_group , registered
fir_summary_stability_group , running
fir_summary_stability_group , finished
fir_stability_maps_group_sci5_scg5_scf5 , registered
fir_msteps_group , running
fir_msteps_group , finished
fir_figure_stability_group_sci5_scg5_scf5 , registered
fir_stability_maps_group_sci5_scg5_scf5 , running
fir_stability_maps_group_sci5_scg5_scf5 , finished
fir_stability_maps_group_sci10_scg10_scf10 , registered
fir_figure_stability_group_sci5_scg5_scf5 , running
fir_figure_stability_group_sci5_scg5_scf5 , finished
fir_figure_stability_group_sci10_scg10_scf10 , registered
fir_stability_maps_group_sci10_scg10_scf10 , running
fir_stability_maps_group_sci10_scg10_scf10 , finished
gfir_fir_subject2a , registered
fir_figure_stability_group_sci10_scg10_scf10 , running
fir_figure_stability_group_sci10_scg10_scf10 , finished
fir_fir_group_level_subject1 , registered
gfir_fir_subject2a , running
gfir_fir_subject2a , finished
fir_fir_group_level_subject2 , registered
fir_fir_group_level_subject1 , running
fir_fir_group_level_subject1 , finished
gfir_fir_subject2b , registered
fir_fir_group_level_subject2 , running
fir_fir_group_level_subject2 , finished
gfir_fir_subject2c , registered
gfir_fir_subject2b , running
gfir_fir_subject2b , finished
fir_fdr_group_average_sci5_scg5_scf5 , registered
gfir_fir_subject2c , running
gfir_fir_subject2c , finished
fir_fdr_group_average_sci10_scg10_scf10 , registered
fir_fdr_group_average_sci5_scg5_scf5 , running
fir_fdr_group_average_sci5_scg5_scf5 , finished
gfir_fir_subject2d , registered
fir_fdr_group_average_sci10_scg10_scf10 , running
fir_fdr_group_average_sci10_scg10_scf10 , finished
gfir_fir_subject2d , running
gfir_fir_subject2d , finished
basc_mask_areas , registered
gcon_networks_cambridge100 , registered
basc_mask_areas , running
basc_mask_areas , finished
gfir_glm_avg_fir , registered
gcon_networks_cambridge100 , running
gcon_networks_cambridge100 , finished
gfir_glm_sub1_m_sub2 , registered
gfir_glm_avg_fir , running
gfir_glm_avg_fir , finished
basc_tseries_subject1_session1_motor , registered
gfir_glm_sub1_m_sub2 , running
gfir_glm_sub1_m_sub2 , finished
gfir_permutation_avg_fir_batch_1 , registered
basc_tseries_subject1_session1_motor , running
basc_tseries_subject1_session1_motor , finished
gfir_permutation_sub1_m_sub2_batch_1 , registered
gfir_permutation_avg_fir_batch_1 , running
gfir_permutation_avg_fir_batch_1 , finished
gfir_permutation_sub1_m_sub2_batch_1 , running
gfir_permutation_sub1_m_sub2_batch_1 , finished
basc_tseries_subject2_session1_motor , registered
gfir_permutation_avg_fir_batch_2 , registered
gfir_permutation_sub1_m_sub2_batch_2 , registered
basc_tseries_subject2_session1_motor , running
basc_tseries_subject2_session1_motor , finished
gfir_permutation_avg_fir_batch_2 , running
gfir_permutation_avg_fir_batch_2 , finished
gfir_permutation_sub1_m_sub2_batch_2 , running
gfir_permutation_sub1_m_sub2_batch_2 , finished
basc_neighbourhood_areas , registered
gcon_networks_cambridge100bis , registered
gfir_summary_findings , registered
basc_neighbourhood_areas , running
basc_neighbourhood_areas , finished
gcon_networks_cambridge100bis , running
gcon_networks_cambridge100bis , finished
basc_region_growing_area_2001 , registered
gfir_summary_findings , running
gfir_summary_findings , finished
basc_region_growing_area_2001 , running
basc_region_growing_area_2001 , finished
basc_region_growing_area_2002 , registered
basc_region_growing_area_2101 , registered
basc_region_growing_area_2102 , registered
basc_region_growing_area_2002 , running
basc_region_growing_area_2002 , finished
basc_region_growing_area_2101 , running
basc_region_growing_area_2101 , finished
basc_region_growing_area_2102 , running
basc_region_growing_area_2102 , finished
basc_region_growing_area_2111 , registered
basc_region_growing_area_2112 , registered
basc_region_growing_area_2201 , registered
basc_region_growing_area_2111 , running
basc_region_growing_area_2111 , finished
basc_region_growing_area_2112 , running
basc_region_growing_area_2112 , finished
basc_region_growing_area_2201 , running
basc_region_growing_area_2201 , finished
basc_region_growing_area_2202 , registered
basc_region_growing_area_2211 , registered
basc_region_growing_area_2212 , registered
basc_region_growing_area_2202 , running
basc_region_growing_area_2202 , finished
basc_region_growing_area_2211 , running
basc_region_growing_area_2211 , finished
basc_region_growing_area_2212 , running
basc_region_growing_area_2212 , finished
basc_region_growing_area_2301 , registered
basc_region_growing_area_2302 , registered
basc_region_growing_area_2311 , registered
basc_region_growing_area_2301 , running
basc_region_growing_area_2301 , finished
basc_region_growing_area_2302 , running
basc_region_growing_area_2302 , finished
basc_region_growing_area_2311 , running
basc_region_growing_area_2311 , finished
basc_region_growing_area_2312 , registered
basc_region_growing_area_2321 , registered
basc_region_growing_area_2322 , registered
basc_region_growing_area_2312 , running
basc_region_growing_area_2312 , finished
basc_region_growing_area_2321 , running
basc_region_growing_area_2321 , finished
basc_region_growing_area_2322 , running
basc_region_growing_area_2322 , finished
basc_region_growing_area_2331 , registered
basc_region_growing_area_2332 , registered
basc_region_growing_area_2401 , registered
basc_region_growing_area_2331 , running
basc_region_growing_area_2331 , finished
basc_region_growing_area_2332 , running
basc_region_growing_area_2332 , finished
basc_region_growing_area_2401 , running
basc_region_growing_area_2401 , finished
basc_region_growing_area_2402 , registered
basc_region_growing_area_2501 , registered
basc_region_growing_area_2502 , registered
basc_region_growing_area_2402 , running
basc_region_growing_area_2402 , finished
basc_region_growing_area_2501 , running
basc_region_growing_area_2501 , finished
basc_region_growing_area_2502 , running
basc_region_growing_area_2502 , finished
basc_region_growing_area_2601 , registered
basc_region_growing_area_2602 , registered
basc_region_growing_area_2611 , registered
basc_region_growing_area_2601 , running
basc_region_growing_area_2601 , finished
basc_region_growing_area_2602 , running
basc_region_growing_area_2602 , finished
basc_region_growing_area_2611 , running
basc_region_growing_area_2611 , finished
basc_region_growing_area_2612 , registered
basc_region_growing_area_2701 , registered
basc_region_growing_area_2702 , registered
basc_region_growing_area_2612 , running
basc_region_growing_area_2612 , finished
basc_region_growing_area_2701 , running
basc_region_growing_area_2701 , finished
basc_region_growing_area_2702 , running
basc_region_growing_area_2702 , finished
basc_region_growing_area_3001 , registered
basc_region_growing_area_3002 , registered
basc_region_growing_area_4001 , registered
basc_region_growing_area_3001 , running
basc_region_growing_area_3001 , finished
basc_region_growing_area_3002 , running
basc_region_growing_area_3002 , finished
basc_region_growing_area_4001 , running
basc_region_growing_area_4001 , finished
basc_region_growing_area_4002 , registered
basc_region_growing_area_4011 , registered
basc_region_growing_area_4012 , registered
basc_region_growing_area_4002 , running
basc_region_growing_area_4002 , finished
basc_region_growing_area_4011 , running
basc_region_growing_area_4011 , finished
basc_region_growing_area_4012 , running
basc_region_growing_area_4012 , finished
basc_region_growing_area_4021 , registered
basc_region_growing_area_4022 , registered
basc_region_growing_area_4101 , registered
basc_region_growing_area_4021 , running
basc_region_growing_area_4021 , finished
basc_region_growing_area_4022 , running
basc_region_growing_area_4022 , finished
basc_region_growing_area_4101 , running
basc_region_growing_area_4101 , finished
basc_region_growing_area_4102 , registered
basc_region_growing_area_4111 , registered
basc_region_growing_area_4112 , registered
basc_region_growing_area_4102 , running
basc_region_growing_area_4102 , finished
basc_region_growing_area_4111 , running
basc_region_growing_area_4111 , finished
basc_region_growing_area_4112 , running
basc_region_growing_area_4112 , finished
basc_region_growing_area_4201 , registered
basc_region_growing_area_4202 , registered
basc_region_growing_area_5001 , registered
basc_region_growing_area_4201 , running
basc_region_growing_area_4201 , finished
basc_region_growing_area_4202 , running
basc_region_growing_area_4202 , finished
basc_region_growing_area_5001 , running
basc_region_growing_area_5001 , finished
basc_region_growing_area_5002 , registered
basc_region_growing_area_5011 , registered
basc_region_growing_area_5012 , registered
basc_region_growing_area_5002 , running
basc_region_growing_area_5002 , finished
basc_region_growing_area_5011 , running
basc_region_growing_area_5011 , finished
basc_region_growing_area_5012 , running
basc_region_growing_area_5012 , finished
basc_region_growing_area_5021 , registered
basc_region_growing_area_5022 , registered
basc_region_growing_area_5101 , registered
basc_region_growing_area_5021 , running
basc_region_growing_area_5021 , finished
basc_region_growing_area_5022 , running
basc_region_growing_area_5022 , finished
basc_region_growing_area_5101 , running
basc_region_growing_area_5101 , finished
basc_region_growing_area_5102 , registered
basc_region_growing_area_5201 , registered
basc_region_growing_area_5202 , registered
basc_region_growing_area_5102 , running
basc_region_growing_area_5102 , finished
basc_region_growing_area_5201 , running
basc_region_growing_area_5201 , finished
basc_region_growing_area_5202 , running
basc_region_growing_area_5202 , finished
basc_region_growing_area_5301 , registered
basc_region_growing_area_5302 , registered
basc_region_growing_area_5401 , registered
basc_region_growing_area_5301 , running
basc_region_growing_area_5301 , finished
basc_region_growing_area_5302 , running
basc_region_growing_area_5302 , finished
basc_region_growing_area_5401 , running
basc_region_growing_area_5401 , finished
basc_region_growing_area_5402 , registered
basc_region_growing_area_6001 , registered
basc_region_growing_area_6002 , registered
basc_region_growing_area_5402 , running
basc_region_growing_area_5402 , finished
basc_region_growing_area_6001 , running
basc_region_growing_area_6001 , finished
basc_region_growing_area_6002 , running
basc_region_growing_area_6002 , finished
basc_region_growing_area_6101 , registered
basc_region_growing_area_6102 , registered
basc_region_growing_area_6201 , registered
basc_region_growing_area_6101 , running
basc_region_growing_area_6101 , finished
basc_region_growing_area_6102 , running
basc_region_growing_area_6102 , finished
basc_region_growing_area_6201 , running
basc_region_growing_area_6201 , finished
basc_region_growing_area_6202 , registered
basc_region_growing_area_6211 , registered
basc_region_growing_area_6212 , registered
basc_region_growing_area_6202 , running
basc_region_growing_area_6202 , finished
basc_region_growing_area_6211 , running
basc_region_growing_area_6211 , finished
basc_region_growing_area_6212 , running
basc_region_growing_area_6212 , finished
basc_region_growing_area_6221 , registered
basc_region_growing_area_6222 , registered
basc_region_growing_area_6301 , registered
basc_region_growing_area_6221 , running
basc_region_growing_area_6221 , finished
basc_region_growing_area_6222 , running
basc_region_growing_area_6222 , finished
basc_region_growing_area_6301 , running
basc_region_growing_area_6301 , finished
basc_region_growing_area_6302 , registered
basc_region_growing_area_6401 , registered
basc_region_growing_area_6402 , registered
basc_region_growing_area_6302 , running
basc_region_growing_area_6302 , finished
basc_region_growing_area_6401 , running
basc_region_growing_area_6401 , finished
basc_region_growing_area_6402 , running
basc_region_growing_area_6402 , finished
basc_region_growing_area_7001 , registered
basc_region_growing_area_7002 , registered
basc_region_growing_area_7011 , registered
basc_region_growing_area_7001 , running
basc_region_growing_area_7001 , finished
basc_region_growing_area_7002 , running
basc_region_growing_area_7002 , finished
basc_region_growing_area_7011 , running
basc_region_growing_area_7011 , finished
basc_region_growing_area_7012 , registered
basc_region_growing_area_7021 , registered
basc_region_growing_area_7022 , registered
basc_region_growing_area_7012 , running
basc_region_growing_area_7012 , finished
basc_region_growing_area_7021 , running
basc_region_growing_area_7021 , finished
basc_region_growing_area_7022 , running
basc_region_growing_area_7022 , finished
basc_region_growing_area_7101 , registered
basc_region_growing_area_7102 , registered
basc_region_growing_area_8101 , registered
basc_region_growing_area_7101 , running
basc_region_growing_area_7101 , finished
basc_region_growing_area_7102 , running
basc_region_growing_area_7102 , finished
basc_region_growing_area_8101 , running
basc_region_growing_area_8101 , finished
basc_region_growing_area_8102 , registered
basc_region_growing_area_8111 , registered
basc_region_growing_area_8112 , registered
basc_region_growing_area_8102 , running
basc_region_growing_area_8102 , finished
basc_region_growing_area_8111 , running
basc_region_growing_area_8111 , finished
basc_region_growing_area_8112 , running
basc_region_growing_area_8112 , finished
basc_region_growing_area_8121 , registered
basc_region_growing_area_8122 , registered
basc_region_growing_area_8201 , registered
basc_region_growing_area_8121 , running
basc_region_growing_area_8121 , finished
basc_region_growing_area_8122 , running
basc_region_growing_area_8122 , finished
basc_region_growing_area_8201 , running
basc_region_growing_area_8201 , finished
basc_region_growing_area_8202 , registered
basc_region_growing_area_8211 , registered
basc_region_growing_area_8212 , registered
basc_region_growing_area_8202 , running
basc_region_growing_area_8202 , finished
basc_region_growing_area_8211 , running
basc_region_growing_area_8211 , finished
basc_region_growing_area_8212 , running
basc_region_growing_area_8212 , finished
basc_region_growing_area_8301 , registered
basc_region_growing_area_8302 , registered
basc_region_growing_area_9001 , registered
basc_region_growing_area_8301 , running
basc_region_growing_area_8301 , finished
basc_region_growing_area_8302 , running
basc_region_growing_area_8302 , finished
basc_region_growing_area_9001 , running
basc_region_growing_area_9001 , finished
basc_region_growing_area_9002 , registered
basc_region_growing_area_9011 , registered
basc_region_growing_area_9012 , registered
basc_region_growing_area_9002 , running
basc_region_growing_area_9002 , finished
basc_region_growing_area_9011 , running
basc_region_growing_area_9011 , finished
basc_region_growing_area_9012 , running
basc_region_growing_area_9012 , finished
basc_region_growing_area_9021 , registered
basc_region_growing_area_9022 , registered
basc_region_growing_area_9031 , registered
basc_region_growing_area_9021 , running
basc_region_growing_area_9021 , finished
basc_region_growing_area_9022 , running
basc_region_growing_area_9022 , finished
basc_region_growing_area_9031 , running
basc_region_growing_area_9031 , finished
basc_region_growing_area_9032 , registered
basc_region_growing_area_9041 , registered
basc_region_growing_area_9042 , registered
basc_region_growing_area_9032 , running
basc_region_growing_area_9032 , finished
basc_region_growing_area_9041 , running
basc_region_growing_area_9041 , finished
basc_region_growing_area_9042 , running
basc_region_growing_area_9042 , finished
basc_region_growing_area_9051 , registered
basc_region_growing_area_9052 , registered
basc_region_growing_area_9061 , registered
basc_region_growing_area_9051 , running
basc_region_growing_area_9051 , finished
basc_region_growing_area_9052 , running
basc_region_growing_area_9052 , finished
basc_region_growing_area_9061 , running
basc_region_growing_area_9061 , finished
basc_region_growing_area_9062 , registered
basc_region_growing_area_9071 , registered
basc_region_growing_area_9072 , registered
basc_region_growing_area_9062 , running
basc_region_growing_area_9062 , finished
basc_region_growing_area_9071 , running
basc_region_growing_area_9071 , finished
basc_region_growing_area_9072 , running
basc_region_growing_area_9072 , finished
basc_region_growing_area_9081 , registered
basc_region_growing_area_9082 , registered
basc_region_growing_area_9100 , registered
basc_region_growing_area_9081 , running
basc_region_growing_area_9081 , finished
basc_region_growing_area_9082 , running
basc_region_growing_area_9082 , finished
basc_region_growing_area_9100 , running
basc_region_growing_area_9100 , finished
basc_region_growing_area_9110 , registered
basc_region_growing_area_9120 , registered
basc_region_growing_area_9130 , registered
basc_region_growing_area_9110 , running
basc_region_growing_area_9110 , finished
basc_region_growing_area_9120 , running
basc_region_growing_area_9120 , finished
basc_region_growing_area_9130 , running
basc_region_growing_area_9130 , finished
basc_region_growing_area_9140 , registered
basc_region_growing_area_9150 , registered
basc_region_growing_area_9160 , registered
basc_region_growing_area_9140 , running
basc_region_growing_area_9140 , finished
basc_region_growing_area_9150 , running
basc_region_growing_area_9150 , finished
basc_region_growing_area_9160 , running
basc_region_growing_area_9160 , finished
basc_region_growing_area_9170 , registered
gcon_connectome_subject1a , registered
gcon_connectome_subject1b , registered
basc_region_growing_area_9170 , running
basc_region_growing_area_9170 , finished
gcon_connectome_subject1a , running
gcon_connectome_subject1a , finished
basc_merge_part , registered
gcon_connectome_subject1b , running
gcon_connectome_subject1b , finished
gcon_connectome_subject1c , registered
basc_merge_part , running
basc_merge_part , finished
gcon_connectome_subject1d , registered
gcon_connectome_subject1c , running
gcon_connectome_subject1c , finished
basc_tseries_atoms_subject1_session1_motor , registered
gcon_connectome_subject1d , running
gcon_connectome_subject1d , finished
basc_tseries_atoms_subject2_session1_motor , registered
basc_tseries_atoms_subject1_session1_motor , running
basc_tseries_atoms_subject1_session1_motor , finished
gcon_connectome_subject2a , registered
basc_tseries_atoms_subject2_session1_motor , running
basc_tseries_atoms_subject2_session1_motor , finished
basc_stability_ind_subject1 , registered
gcon_connectome_subject2a , running
gcon_connectome_subject2a , finished
basc_stability_ind_subject2 , registered
basc_stability_ind_subject1 , running
basc_stability_ind_subject1 , finished
gcon_connectome_subject2b , registered
basc_stability_ind_subject2 , running
basc_stability_ind_subject2 , finished
basc_msteps_ind_subject1 , registered
gcon_connectome_subject2b , running
gcon_connectome_subject2b , finished
basc_stability_group_sci5 , registered
basc_msteps_ind_subject1 , running
basc_msteps_ind_subject1 , finished
basc_stability_group_sci10 , registered
basc_stability_group_sci5 , running
basc_stability_group_sci5 , finished
basc_summary_stability_avg_ind , registered
basc_stability_group_sci10 , running
basc_stability_group_sci10 , finished
basc_msteps_ind_subject2 , registered
basc_summary_stability_avg_ind , running
basc_summary_stability_avg_ind , finished
basc_summary_stability_group , registered
basc_msteps_ind_subject2 , running
basc_msteps_ind_subject2 , finished
basc_msteps_group , registered
basc_summary_stability_group , running
basc_summary_stability_group , finished
basc_stability_maps_ind_subject1 , registered
basc_msteps_group , running
basc_msteps_group , finished
basc_figure_stability_ind_subject1 , registered
basc_stability_maps_ind_subject1 , running
basc_stability_maps_ind_subject1 , finished
basc_stability_maps_ind_subject2 , registered
basc_figure_stability_ind_subject1 , running
basc_figure_stability_ind_subject1 , finished
basc_figure_stability_ind_subject2 , registered
basc_stability_maps_ind_subject2 , running
basc_stability_maps_ind_subject2 , finished
basc_stability_maps_group_sci5_scg5_scf5 , registered
basc_figure_stability_ind_subject2 , running
basc_figure_stability_ind_subject2 , finished
basc_figure_stability_group_sci5_scg5_scf5 , registered
basc_stability_maps_group_sci5_scg5_scf5 , running
basc_stability_maps_group_sci5_scg5_scf5 , finished
basc_stability_maps_group_sci10_scg10_scf10 , registered
basc_figure_stability_group_sci5_scg5_scf5 , running
basc_figure_stability_group_sci5_scg5_scf5 , finished
basc_figure_stability_group_sci10_scg10_scf10 , registered
basc_stability_maps_group_sci10_scg10_scf10 , running
basc_stability_maps_group_sci10_scg10_scf10 , finished
basc_stability_maps_mixed_subject1 , registered
basc_figure_stability_group_sci10_scg10_scf10 , running
basc_figure_stability_group_sci10_scg10_scf10 , finished
basc_figure_stability_mixed_subject1 , registered
basc_stability_maps_mixed_subject1 , running
basc_stability_maps_mixed_subject1 , finished
basc_stability_maps_mixed_subject2 , registered
basc_figure_stability_mixed_subject1 , running
basc_figure_stability_mixed_subject1 , finished
basc_figure_stability_mixed_subject2 , registered
basc_stability_maps_mixed_subject2 , running
basc_stability_maps_mixed_subject2 , finished
basc_tseries_ind_subject1 , registered
basc_figure_stability_mixed_subject2 , running
basc_figure_stability_mixed_subject2 , finished
basc_tseries_ind_subject2 , registered
basc_tseries_ind_subject1 , running
basc_tseries_ind_subject1 , finished
basc_tseries_group_subject1 , registered
basc_tseries_ind_subject2 , running
basc_tseries_ind_subject2 , finished
basc_tseries_group_subject2 , registered
basc_tseries_group_subject1 , running
basc_tseries_group_subject1 , finished
basc_tseries_mixed_subject1 , registered
basc_tseries_group_subject2 , running
basc_tseries_group_subject2 , finished
basc_tseries_mixed_subject2 , registered
basc_tseries_mixed_subject1 , running
basc_tseries_mixed_subject1 , finished
gcon_connectome_subject2c , registered
basc_tseries_mixed_subject2 , running
basc_tseries_mixed_subject2 , finished
gcon_connectome_subject2d , registered
gcon_connectome_subject2c , running
gcon_connectome_subject2c , finished
sco_scores_resample_part , registered
gcon_connectome_subject2d , running
gcon_connectome_subject2d , finished
sco_scores_resample_mask , registered
sco_scores_resample_part , running
sco_scores_resample_part , finished
gcon_cambridge100_glm_mean_subjects , registered
sco_scores_resample_mask , running
sco_scores_resample_mask , finished
gcon_cambridge100_glm_effect_subject1 , registered
gcon_cambridge100_glm_mean_subjects , running
gcon_cambridge100_glm_mean_subjects , finished
gcon_cambridge100_glm_mean_motor , registered
gcon_cambridge100_glm_effect_subject1 , running
gcon_cambridge100_glm_effect_subject1 , finished
gcon_cambridge100_glm_mean_motor_nofisher , registered
gcon_cambridge100_glm_mean_motor , running
gcon_cambridge100_glm_mean_motor , finished
gcon_cambridge100_glm_mean_motor_site , registered
gcon_cambridge100_glm_mean_motor_nofisher , running
gcon_cambridge100_glm_mean_motor_nofisher , finished
gcon_cambridge100_glm_mean_subjects_site , registered
gcon_cambridge100_glm_mean_motor_site , running
gcon_cambridge100_glm_mean_motor_site , finished
gcon_cambridge100bis_glm_mean_subjects , registered
gcon_cambridge100_glm_mean_subjects_site , running
gcon_cambridge100_glm_mean_subjects_site , finished
gcon_cambridge100bis_glm_effect_subject1 , registered
gcon_cambridge100bis_glm_mean_subjects , running
gcon_cambridge100bis_glm_mean_subjects , finished
gcon_cambridge100bis_glm_mean_motor , registered
gcon_cambridge100bis_glm_effect_subject1 , running
gcon_cambridge100bis_glm_effect_subject1 , finished
gcon_cambridge100bis_glm_mean_motor_nofisher , registered
gcon_cambridge100bis_glm_mean_motor , running
gcon_cambridge100bis_glm_mean_motor , finished
gcon_cambridge100bis_glm_mean_motor_site , registered
gcon_cambridge100bis_glm_mean_motor_nofisher , running
gcon_cambridge100bis_glm_mean_motor_nofisher , finished
gcon_cambridge100bis_glm_mean_subjects_site , registered
gcon_cambridge100bis_glm_mean_motor_site , running
gcon_cambridge100bis_glm_mean_motor_site , finished
gcon_permutation_mean_subjects_batch_1 , registered
gcon_cambridge100bis_glm_mean_subjects_site , running
gcon_cambridge100bis_glm_mean_subjects_site , finished
gcon_permutation_effect_subject1_batch_1 , registered
gcon_permutation_mean_subjects_batch_1 , running
gcon_permutation_mean_subjects_batch_1 , finished
gcon_permutation_effect_subject1_batch_1 , running
gcon_permutation_effect_subject1_batch_1 , finished
gcon_permutation_mean_motor_batch_1 , registered
gcon_permutation_mean_motor_nofisher_batch_1 , registered
gcon_permutation_mean_motor_batch_1 , running
gcon_permutation_mean_motor_batch_1 , finished
gcon_permutation_mean_motor_nofisher_batch_1 , running
gcon_permutation_mean_motor_nofisher_batch_1 , finished
gcon_permutation_mean_motor_site_batch_1 , registered
gcon_permutation_mean_subjects_batch_2 , registered
gcon_permutation_mean_subjects_site_batch_1 , registered
gcon_permutation_mean_motor_site_batch_1 , running
gcon_permutation_mean_motor_site_batch_1 , finished
gcon_permutation_mean_subjects_batch_2 , running
gcon_permutation_mean_subjects_batch_2 , finished
gcon_permutation_mean_subjects_site_batch_1 , running
gcon_permutation_mean_subjects_site_batch_1 , finished
gcon_permutation_effect_subject1_batch_2 , registered
gcon_permutation_mean_motor_batch_2 , registered
gcon_permutation_effect_subject1_batch_2 , running
gcon_permutation_effect_subject1_batch_2 , finished
gcon_permutation_mean_motor_batch_2 , running
gcon_permutation_mean_motor_batch_2 , finished
gcon_permutation_mean_motor_nofisher_batch_2 , registered
gcon_permutation_mean_motor_site_batch_2 , registered
gcon_permutation_mean_subjects_site_batch_2 , registered
gcon_permutation_mean_motor_nofisher_batch_2 , running
gcon_permutation_mean_motor_nofisher_batch_2 , finished
gcon_permutation_mean_motor_site_batch_2 , running
gcon_permutation_mean_motor_site_batch_2 , finished
gcon_permutation_mean_subjects_site_batch_2 , running
gcon_permutation_mean_subjects_site_batch_2 , finished
sco_scores_subject1_session1_motor , registered
sco_scores_subject2_session1_motor , registered
sco_scores_subject1_session1_motor , running
sco_scores_subject1_session1_motor , finished
gcon_summary_findings , registered
sco_scores_subject2_session1_motor , running
sco_scores_subject2_session1_motor , finished
gun_build_test_data , registered
gcon_summary_findings , running
gcon_summary_findings , finished
gun_build_test_data , running
gun_build_test_data , finished
gun_networks_network16 , registered
gun_networks_network4 , registered
gun_networks_network16 , running
gun_networks_network16 , finished
gun_networks_network4 , running
gun_networks_network4 , finished
gun_connectome_subject1 , registered
gun_connectome_subject2 , registered
gun_connectome_subject3 , registered
gun_connectome_subject1 , running
gun_connectome_subject1 , finished
gun_connectome_subject2 , running
gun_connectome_subject2 , finished
gun_connectome_subject4 , registered
gun_connectome_subject3 , running
gun_connectome_subject3 , finished
gun_connectome_subject4 , running
gun_connectome_subject4 , finished
gun_network4_glm_avg_corr_all , registered
gun_network4_glm_avg_corr_young , registered
gun_network4_glm_corr_vs_age , registered
gun_network4_glm_avg_corr_all , running
gun_network4_glm_avg_corr_all , finished
gun_network4_glm_avg_corr_young , running
gun_network4_glm_avg_corr_young , finished
gun_network16_glm_avg_corr_all , registered
gun_network4_glm_corr_vs_age , running
gun_network4_glm_corr_vs_age , finished
gun_network16_glm_avg_corr_young , registered
gun_network16_glm_avg_corr_all , running
gun_network16_glm_avg_corr_all , finished
gun_network16_glm_corr_vs_age , registered
gun_network16_glm_avg_corr_young , running
gun_network16_glm_avg_corr_young , finished
gun_permutation_avg_corr_all_batch_1 , registered
gun_network16_glm_corr_vs_age , running
gun_network16_glm_corr_vs_age , finished
gun_permutation_avg_corr_young_batch_1 , registered
gun_permutation_avg_corr_all_batch_1 , running
gun_permutation_avg_corr_all_batch_1 , finished
gun_permutation_corr_vs_age_batch_1 , registered
gun_permutation_avg_corr_young_batch_1 , running
gun_permutation_avg_corr_young_batch_1 , finished
gun_permutation_avg_corr_all_batch_2 , registered
gun_permutation_corr_vs_age_batch_1 , running
gun_permutation_corr_vs_age_batch_1 , finished
gun_permutation_avg_corr_young_batch_2 , registered
gun_permutation_avg_corr_all_batch_2 , running
gun_permutation_avg_corr_all_batch_2 , finished
gun_permutation_corr_vs_age_batch_2 , registered
gun_permutation_avg_corr_young_batch_2 , running
gun_permutation_avg_corr_young_batch_2 , finished
gun_permutation_corr_vs_age_batch_2 , running
gun_permutation_corr_vs_age_batch_2 , finished
gun_summary_findings , registered
gun_summary_findings , running
gun_summary_findings , finished
gun_check_test_correlation , registered
gun_check_test_correlation , running
gun_check_test_correlation , finished
PIPE , terminated