fp_cp_confounds_keys , finished
fp_cp_template , finished
fp_resample_fmri_stereo , finished
fp_slice_timing_subject2_session1_motor , finished
fp_resample_aal , finished
fp_slice_timing_subject1_session1_motor , finished
fp_motion_target_subject2_session1_motor , finished
fp_motion_target_subject1_session1_motor , finished
fp_motion_Wrun_subject2_session1_motor , finished
fp_motion_Wrun_subject1_session1_motor , finished
fp_motion_parameters_subject2_session1_motor , finished
fp_motion_parameters_subject1_session1_motor , finished
fp_t1_preprocess_subject1 , finished
fp_mask_anat2func_subject1 , finished
fp_t1_preprocess_subject2 , finished
fp_mask_anat2func_subject2 , finished
fp_qc_coregister_group_anat_stereolin , finished
fp_qc_group_coregister_anat_stereonl , finished
gun_build_test_data , finished
gun_networks_network4 , finished
gun_networks_network16 , finished
gun_connectome_subject1 , finished
gun_connectome_subject2 , finished
gun_connectome_subject3 , finished
gun_connectome_subject4 , finished
gun_network4_glm_avg_corr_all , finished
gun_network4_glm_avg_corr_young , finished
gun_network4_glm_corr_vs_age , finished
gun_network16_glm_avg_corr_all , finished
gun_network16_glm_avg_corr_young , finished
gun_network16_glm_corr_vs_age , finished
gun_permutation_avg_corr_all_batch_2 , finished
gun_permutation_avg_corr_young_batch_2 , finished
gun_permutation_avg_corr_all_batch_1 , finished
gun_permutation_avg_corr_young_batch_1 , finished
gun_permutation_corr_vs_age_batch_1 , finished
gun_permutation_corr_vs_age_batch_2 , finished
gun_summary_findings , finished
gun_check_test_correlation , finished
fp_anat2func_subject1 , finished
fp_concat_transf_nl_subject1 , finished
fp_anat2func_subject2 , finished
fp_concat_transf_nl_subject2 , finished
fp_resample_subject1_session1_motor , finished
fp_time_filter_subject1_session1_motor , finished
fp_qc_motion_subject1 , finished
fp_mask_confounds_subject1 , finished
fp_build_confounds_subject1_session1_motor , finished
fp_regress_confounds_subject1_session1_motor , finished
fp_smooth_subject1_session1_motor , finished
con_mask_rois , finished
gfir_networks_cambridge100 , finished
gfir_networks_cambridge100bis , finished
gcon_networks_cambridge100 , finished
gcon_networks_cambridge100bis , finished
sco_scores_resample_part , finished
con_connectome_subject1 , finished
gfir_fir_subject1b , finished
gfir_fir_subject1c , finished
gfir_fir_subject1d , finished
gfir_fir_subject1a , finished
gcon_connectome_subject1c , finished
gcon_connectome_subject1b , finished
gcon_connectome_subject1d , finished
con_graph_prop_rois_subject1 , finished
con_rmap_seeds_subject1 , finished
gcon_connectome_subject1a , finished
fp_resample_subject2_session1_motor , finished
fp_time_filter_subject2_session1_motor , finished
fp_qc_motion_subject2 , finished
fp_qc_group_motion_estimation , finished
fp_qc_group_coregister_func , finished
rg_mask_areas , finished
fir_fir_subject_subject1 , finished
fir_mask_areas , finished
basc_mask_areas , finished
sco_scores_resample_mask , finished
rg_neighbourhood_areas , finished
fir_neighbourhood_areas , finished
basc_neighbourhood_areas , finished
rg_tseries_subject1_session1_motor , finished
fir_tseries_subject1_session1_motor , finished
basc_tseries_subject1_session1_motor , finished
fp_mask_confounds_subject2 , finished
sco_scores_subject1_session1_motor , finished
fp_build_confounds_subject2_session1_motor , finished
fp_regress_confounds_subject2_session1_motor , finished
fp_qc_group_scrubbing , finished
fp_smooth_subject2_session1_motor , finished
con_connectome_subject2 , finished
fir_fir_subject_subject2 , finished
basc_tseries_subject2_session1_motor , finished
gfir_fir_subject2b , finished
gfir_fir_subject2c , finished
gfir_fir_subject2d , finished
basc_region_growing_area_2112 , finished
basc_region_growing_area_2322 , finished
basc_region_growing_area_2102 , finished
basc_region_growing_area_2101 , finished
basc_region_growing_area_2111 , finished
basc_region_growing_area_2311 , finished
basc_region_growing_area_2312 , finished
basc_region_growing_area_2321 , finished
basc_region_growing_area_2402 , finished
basc_region_growing_area_2401 , finished
con_graph_prop_rois_subject2 , finished
gfir_fir_subject2a , finished
basc_region_growing_area_2332 , finished
basc_region_growing_area_2501 , finished
basc_region_growing_area_2502 , finished
basc_region_growing_area_2601 , finished
basc_region_growing_area_2602 , finished
basc_region_growing_area_2611 , finished
basc_region_growing_area_2612 , finished
basc_region_growing_area_2701 , finished
basc_region_growing_area_2702 , finished
basc_region_growing_area_3001 , finished
basc_region_growing_area_2002 , finished
basc_region_growing_area_2302 , finished
basc_region_growing_area_3002 , finished
basc_region_growing_area_4001 , finished
basc_region_growing_area_4002 , finished
basc_region_growing_area_4011 , finished
basc_region_growing_area_4012 , finished
basc_region_growing_area_4101 , finished
basc_region_growing_area_4102 , finished
basc_region_growing_area_4022 , finished
basc_region_growing_area_4021 , finished
basc_region_growing_area_4111 , finished
con_summary_graph_prop_rois , finished
basc_region_growing_area_4112 , finished
basc_region_growing_area_4202 , finished
basc_region_growing_area_5011 , finished
basc_region_growing_area_5101 , finished
basc_region_growing_area_5021 , finished
basc_region_growing_area_4201 , finished
basc_region_growing_area_5002 , finished
basc_region_growing_area_5102 , finished
basc_region_growing_area_5201 , finished
basc_region_growing_area_5202 , finished
basc_region_growing_area_5401 , finished
basc_region_growing_area_5301 , finished
basc_region_growing_area_5302 , finished
basc_region_growing_area_5402 , finished
basc_region_growing_area_6001 , finished
basc_region_growing_area_6002 , finished
basc_region_growing_area_6101 , finished
basc_region_growing_area_6102 , finished
basc_region_growing_area_6201 , finished
gcon_connectome_subject2b , finished
basc_region_growing_area_6202 , finished
basc_region_growing_area_6211 , finished
basc_region_growing_area_6212 , finished
basc_region_growing_area_6221 , finished
basc_region_growing_area_6222 , finished
basc_region_growing_area_6301 , finished
basc_region_growing_area_7001 , finished
basc_region_growing_area_7002 , finished
basc_region_growing_area_6401 , finished
basc_region_growing_area_6402 , finished
basc_region_growing_area_7011 , finished
basc_region_growing_area_7012 , finished
basc_region_growing_area_7021 , finished
basc_region_growing_area_7022 , finished
basc_region_growing_area_7101 , finished
basc_region_growing_area_7102 , finished
con_rmap_seeds_subject2 , finished
basc_region_growing_area_8101 , finished
basc_region_growing_area_8102 , finished
basc_region_growing_area_8111 , finished
basc_region_growing_area_8121 , finished
basc_region_growing_area_8122 , finished
rg_tseries_subject2_session1_motor , finished
basc_region_growing_area_8112 , finished
basc_region_growing_area_8201 , finished
basc_region_growing_area_8202 , finished
basc_region_growing_area_8211 , finished
gcon_connectome_subject2c , finished
sco_scores_subject2_session1_motor , finished
basc_region_growing_area_2202 , finished
rg_region_growing_area_2001 , finished
rg_region_growing_area_2002 , finished
rg_region_growing_area_2101 , finished
rg_region_growing_area_2112 , finished
basc_region_growing_area_2001 , finished
basc_region_growing_area_2211 , finished
basc_region_growing_area_2301 , finished
basc_region_growing_area_6302 , finished
rg_region_growing_area_2201 , finished
rg_region_growing_area_2202 , finished
rg_region_growing_area_2211 , finished
rg_region_growing_area_2212 , finished
rg_region_growing_area_2301 , finished
rg_region_growing_area_2302 , finished
rg_region_growing_area_2311 , finished
rg_region_growing_area_2321 , finished
rg_region_growing_area_2322 , finished
gfir_glm_sub1_m_sub2 , finished
gfir_glm_avg_fir , finished
basc_region_growing_area_5001 , finished
rg_region_growing_area_2331 , finished
rg_region_growing_area_2332 , finished
rg_region_growing_area_2401 , finished
rg_region_growing_area_2402 , finished
rg_region_growing_area_2501 , finished
rg_region_growing_area_2502 , finished
rg_region_growing_area_2612 , finished
rg_region_growing_area_2701 , finished
con_average_rmap_MTL , finished
con_average_rmap_FUS , finished
basc_region_growing_area_5012 , finished
basc_region_growing_area_5022 , finished
rg_region_growing_area_2601 , finished
rg_region_growing_area_2602 , finished
rg_region_growing_area_2702 , finished
rg_region_growing_area_2611 , finished
rg_region_growing_area_3001 , finished
rg_region_growing_area_3002 , finished
rg_region_growing_area_4001 , finished
rg_region_growing_area_4002 , finished
rg_region_growing_area_4011 , finished
rg_region_growing_area_4012 , finished
rg_region_growing_area_4022 , finished
rg_region_growing_area_4111 , finished
fir_tseries_subject2_session1_motor , finished
gcon_connectome_subject2a , finished
rg_region_growing_area_4112 , finished
rg_region_growing_area_4201 , finished
rg_region_growing_area_5002 , finished
rg_region_growing_area_2102 , finished
rg_region_growing_area_5011 , finished
basc_region_growing_area_2201 , finished
rg_region_growing_area_4202 , finished
rg_region_growing_area_4021 , finished
rg_region_growing_area_2312 , finished
rg_region_growing_area_5012 , finished
rg_region_growing_area_5022 , finished
basc_region_growing_area_2331 , finished
rg_region_growing_area_5001 , finished
rg_region_growing_area_5301 , finished
rg_region_growing_area_5021 , finished
rg_region_growing_area_5102 , finished
rg_region_growing_area_5201 , finished
rg_region_growing_area_5302 , finished
rg_region_growing_area_5401 , finished
rg_region_growing_area_5101 , finished
rg_region_growing_area_5202 , finished
rg_region_growing_area_6102 , finished
rg_region_growing_area_6001 , finished
rg_region_growing_area_6002 , finished
rg_region_growing_area_6101 , finished
rg_region_growing_area_5402 , finished
rg_region_growing_area_6201 , finished
rg_region_growing_area_6202 , finished
rg_region_growing_area_6211 , finished
rg_region_growing_area_6212 , finished
rg_region_growing_area_6221 , finished
rg_region_growing_area_6222 , finished
rg_region_growing_area_6301 , finished
rg_region_growing_area_6302 , finished
rg_region_growing_area_6401 , finished
rg_region_growing_area_6402 , finished
rg_region_growing_area_7001 , finished
rg_region_growing_area_7011 , finished
rg_region_growing_area_7012 , finished
rg_region_growing_area_7022 , finished
con_average_rmap_PCC , finished
con_average_rmap_aMPFC , finished
rg_region_growing_area_7002 , finished
rg_region_growing_area_7101 , finished
rg_region_growing_area_7102 , finished
rg_region_growing_area_8102 , finished
rg_region_growing_area_2111 , finished
rg_region_growing_area_7021 , finished
rg_region_growing_area_8101 , finished
rg_region_growing_area_8121 , finished
rg_region_growing_area_4102 , finished
rg_region_growing_area_8111 , finished
rg_region_growing_area_8112 , finished
rg_region_growing_area_8122 , finished
rg_region_growing_area_8201 , finished
rg_region_growing_area_8202 , finished
rg_region_growing_area_8211 , finished
rg_region_growing_area_8212 , finished
rg_region_growing_area_8301 , finished
rg_region_growing_area_8302 , finished
rg_region_growing_area_9001 , finished
rg_region_growing_area_9011 , finished
rg_region_growing_area_9021 , finished
rg_region_growing_area_9022 , finished
rg_region_growing_area_9031 , finished
rg_region_growing_area_9032 , finished
rg_region_growing_area_9041 , finished
rg_region_growing_area_9042 , finished
rg_region_growing_area_9012 , finished
rg_region_growing_area_9051 , finished
rg_region_growing_area_9052 , finished
rg_region_growing_area_9061 , finished
rg_region_growing_area_9062 , finished
rg_region_growing_area_9071 , finished
rg_region_growing_area_9072 , finished
rg_region_growing_area_9082 , finished
rg_region_growing_area_9100 , finished
rg_region_growing_area_9120 , finished
rg_region_growing_area_9150 , finished
con_average_rmap_dMPFC3 , finished
fir_region_growing_area_2001 , finished
fir_region_growing_area_2002 , finished
fir_region_growing_area_2101 , finished
fir_region_growing_area_2102 , finished
fir_region_growing_area_2111 , finished
fir_region_growing_area_2112 , finished
fir_region_growing_area_2201 , finished
rg_region_growing_area_4101 , finished
rg_region_growing_area_9081 , finished
rg_region_growing_area_9110 , finished
rg_region_growing_area_9130 , finished
rg_region_growing_area_9160 , finished
rg_region_growing_area_9170 , finished
rg_region_growing_area_9002 , finished
rg_region_growing_area_9140 , finished
fir_region_growing_area_2202 , finished
fir_region_growing_area_2211 , finished
fir_region_growing_area_2212 , finished
fir_region_growing_area_2301 , finished
fir_region_growing_area_2302 , finished
fir_region_growing_area_2311 , finished
fir_region_growing_area_2312 , finished
fir_region_growing_area_2321 , finished
fir_region_growing_area_2322 , finished
fir_region_growing_area_2331 , finished
fir_region_growing_area_2332 , finished
fir_region_growing_area_2401 , finished
fir_region_growing_area_2402 , finished
fir_region_growing_area_2501 , finished
fir_region_growing_area_2502 , finished
fir_region_growing_area_2601 , finished
fir_region_growing_area_2602 , finished
fir_region_growing_area_2611 , finished
fir_region_growing_area_2612 , finished
fir_region_growing_area_2701 , finished
fir_region_growing_area_2702 , finished
fir_region_growing_area_3001 , finished
fir_region_growing_area_3002 , finished
gcon_connectome_subject2d , finished
fir_region_growing_area_4001 , finished
fir_region_growing_area_4002 , finished
fir_region_growing_area_4011 , finished
fir_region_growing_area_4012 , finished
fir_region_growing_area_4021 , finished
fir_region_growing_area_4022 , finished
fir_region_growing_area_4101 , finished
fir_region_growing_area_4102 , finished
fir_region_growing_area_4111 , finished
fir_region_growing_area_4112 , finished
fir_region_growing_area_4201 , finished
fir_region_growing_area_4202 , finished
fir_region_growing_area_5001 , finished
fir_region_growing_area_5002 , finished
fir_region_growing_area_5011 , finished
fir_region_growing_area_5012 , finished
fir_region_growing_area_5021 , finished
fir_region_growing_area_5022 , finished
fir_region_growing_area_5101 , finished
fir_region_growing_area_5102 , finished
fir_region_growing_area_5201 , finished
fir_region_growing_area_5202 , finished
fir_region_growing_area_5301 , finished
fir_region_growing_area_5302 , finished
fir_region_growing_area_5401 , finished
fir_region_growing_area_5402 , finished
basc_region_growing_area_2212 , finished
con_average_rmap_PCUNm , finished
fir_region_growing_area_6001 , finished
fir_region_growing_area_6002 , finished
fir_region_growing_area_6101 , finished
fir_region_growing_area_6102 , finished
fir_region_growing_area_6201 , finished
fir_region_growing_area_6202 , finished
fir_region_growing_area_6211 , finished
fir_region_growing_area_6212 , finished
fir_region_growing_area_6221 , finished
fir_region_growing_area_6301 , finished
fir_region_growing_area_6302 , finished
fir_region_growing_area_6401 , finished
fir_region_growing_area_6402 , finished
fir_region_growing_area_7001 , finished
fir_region_growing_area_7002 , finished
fir_region_growing_area_7011 , finished
fir_region_growing_area_7012 , finished
fir_region_growing_area_7022 , finished
fir_region_growing_area_7101 , finished
fir_region_growing_area_7102 , finished
fir_region_growing_area_8101 , finished
fir_region_growing_area_8102 , finished
fir_region_growing_area_8111 , finished
fir_region_growing_area_8112 , finished
fir_region_growing_area_8121 , finished
fir_region_growing_area_8122 , finished
fir_region_growing_area_8201 , finished
fir_region_growing_area_8202 , finished
fir_region_growing_area_8211 , finished
fir_region_growing_area_8212 , finished
fir_region_growing_area_8301 , finished
fir_region_growing_area_8302 , finished
fir_region_growing_area_9001 , finished
fir_region_growing_area_9002 , finished
fir_region_growing_area_9011 , finished
fir_region_growing_area_9012 , finished
fir_region_growing_area_9021 , finished
fir_region_growing_area_9022 , finished
fir_region_growing_area_9031 , finished
fir_region_growing_area_9032 , finished
fir_region_growing_area_9041 , finished
fir_region_growing_area_9042 , finished
fir_region_growing_area_9051 , finished
fir_region_growing_area_9052 , finished
fir_region_growing_area_9061 , finished
fir_region_growing_area_9062 , finished
fir_region_growing_area_9071 , finished
fir_region_growing_area_9072 , finished
fir_region_growing_area_9081 , finished
fir_region_growing_area_9082 , finished
fir_region_growing_area_9100 , finished
fir_region_growing_area_9110 , finished
fir_region_growing_area_9120 , finished
fir_region_growing_area_9140 , finished
fir_region_growing_area_9160 , finished
fir_region_growing_area_9170 , finished
gfir_permutation_sub1_m_sub2_batch_2 , finished
basc_region_growing_area_8212 , finished
basc_region_growing_area_8301 , finished
basc_region_growing_area_8302 , finished
basc_region_growing_area_9001 , finished
basc_region_growing_area_9002 , finished
basc_region_growing_area_9011 , finished
basc_region_growing_area_9012 , finished
basc_region_growing_area_9021 , finished
basc_region_growing_area_9022 , finished
basc_region_growing_area_9031 , finished
basc_region_growing_area_9032 , finished
basc_region_growing_area_9041 , finished
basc_region_growing_area_9042 , finished
basc_region_growing_area_9051 , finished
basc_region_growing_area_9052 , finished
basc_region_growing_area_9061 , finished
basc_region_growing_area_9062 , finished
basc_region_growing_area_9071 , finished
fir_region_growing_area_9130 , finished
fir_region_growing_area_9150 , finished
gfir_permutation_sub1_m_sub2_batch_1 , finished
gfir_permutation_avg_fir_batch_2 , finished
gfir_permutation_avg_fir_batch_1 , finished
basc_region_growing_area_9072 , finished
rg_merge_part , finished
basc_region_growing_area_9081 , finished
basc_region_growing_area_9082 , finished
basc_region_growing_area_9100 , finished
basc_region_growing_area_9110 , finished
basc_region_growing_area_9120 , finished
basc_region_growing_area_9130 , finished
basc_region_growing_area_9140 , finished
basc_region_growing_area_9150 , finished
basc_region_growing_area_9160 , finished
basc_region_growing_area_9170 , finished
fir_region_growing_area_6222 , finished
fir_region_growing_area_7021 , finished
fir_merge_part , finished
gfir_summary_findings , finished
gcon_cambridge100_glm_mean_subjects , finished
gcon_cambridge100_glm_effect_subject1 , finished
gcon_cambridge100_glm_mean_motor , finished
gcon_cambridge100_glm_mean_motor_nofisher , finished
gcon_cambridge100_glm_mean_motor_site , finished
gcon_cambridge100bis_glm_mean_subjects , finished
gcon_cambridge100bis_glm_effect_subject1 , finished
gcon_cambridge100bis_glm_mean_motor , finished
gcon_cambridge100_glm_mean_subjects_site , finished
gcon_permutation_mean_motor_batch_1 , finished
gcon_permutation_mean_subjects_batch_2 , finished
gcon_permutation_effect_subject1_batch_2 , finished
basc_merge_part , finished
gcon_permutation_mean_subjects_batch_1 , finished
gcon_permutation_effect_subject1_batch_1 , finished
fir_roi_tseries_subject_subject1 , finished
gcon_cambridge100bis_glm_mean_motor_nofisher , finished
gcon_cambridge100bis_glm_mean_motor_site , finished
gcon_cambridge100bis_glm_mean_subjects_site , finished
gcon_permutation_mean_motor_nofisher_batch_1 , finished
gcon_permutation_mean_motor_batch_2 , finished
gcon_permutation_mean_motor_nofisher_batch_2 , finished
basc_tseries_atoms_subject1_session1_motor , finished
gcon_permutation_mean_subjects_site_batch_2 , finished
fir_roi_tseries_subject_subject2 , finished
basc_tseries_atoms_subject2_session1_motor , finished
gcon_permutation_mean_motor_site_batch_1 , finished
gcon_permutation_mean_subjects_site_batch_1 , finished
gcon_permutation_mean_motor_site_batch_2 , finished
gcon_summary_findings , finished
basc_stability_ind_subject1 , finished
fir_stability_ind_subject1 , finished
basc_msteps_ind_subject1 , finished
fir_stability_ind_subject2 , finished
fir_msteps_ind_subject1 , finished
fir_msteps_ind_subject2 , finished
basc_stability_ind_subject2 , finished
fir_summary_stability_avg_ind , finished
basc_stability_maps_ind_subject1 , finished
basc_figure_stability_ind_subject1 , finished
basc_msteps_ind_subject2 , finished
basc_summary_stability_avg_ind , finished
basc_tseries_ind_subject1 , finished
basc_stability_maps_ind_subject2 , finished
basc_tseries_ind_subject2 , finished
basc_stability_group_sci5 , finished
fir_stability_group_sci5 , finished
basc_stability_maps_group_sci5_scg5_scf5 , finished
basc_figure_stability_group_sci5_scg5_scf5 , finished
fir_stability_maps_group_sci5_scg5_scf5 , finished
fir_figure_stability_group_sci5_scg5_scf5 , finished
basc_figure_stability_ind_subject2 , finished
fir_stability_group_sci10 , finished
fir_summary_stability_group , finished
fir_stability_maps_group_sci10_scg10_scf10 , finished
fir_figure_stability_group_sci10_scg10_scf10 , finished
fir_msteps_group , finished
fir_fir_group_level_subject1 , finished
fir_fir_group_level_subject2 , finished
fir_fdr_group_average_sci5_scg5_scf5 , finished
fir_fdr_group_average_sci10_scg10_scf10 , finished
basc_stability_group_sci10 , finished
basc_summary_stability_group , finished
basc_figure_stability_group_sci10_scg10_scf10 , finished
basc_stability_maps_group_sci10_scg10_scf10 , finished
basc_msteps_group , finished
basc_stability_maps_mixed_subject2 , finished
basc_stability_maps_mixed_subject1 , finished
basc_figure_stability_mixed_subject1 , finished
basc_figure_stability_mixed_subject2 , finished
basc_tseries_group_subject1 , finished
basc_tseries_group_subject2 , finished
basc_tseries_mixed_subject2 , finished
basc_tseries_mixed_subject1 , finished
