fp_pipe_params , submitted
fp_resample_aal , submitted
fp_cp_confounds_keys , submitted
fp_cp_template , submitted
fp_resample_fmri_stereo , submitted
fp_t1_preprocess_subject1 , submitted
fp_slice_timing_subject1_session1_motor , submitted
fp_t1_preprocess_subject2 , submitted
fp_pipe_params , finished
fp_slice_timing_subject2_session1_motor , submitted
fp_cp_confounds_keys , finished
fp_rep_cp_report_templates , submitted
fp_cp_template , finished
fp_rep_params , submitted
fp_rep_cp_report_templates , finished
fp_rep_template_stereo , submitted
fp_slice_timing_subject1_session1_motor , finished
fp_motion_target_subject1_session1_motor , submitted
fp_rep_params , finished
fp_rep_motion_native_subject1_session1_motor , submitted
fp_slice_timing_subject2_session1_motor , finished
fp_motion_target_subject2_session1_motor , submitted
fp_resample_aal , finished
fp_rep_target_native_subject1_session1_motor , submitted
fp_resample_fmri_stereo , finished
fp_rep_motion_native_subject2_session1_motor , submitted
fp_motion_target_subject1_session1_motor , finished
fp_motion_Wrun_subject1_session1_motor , submitted
fp_motion_target_subject2_session1_motor , finished
fp_motion_Wrun_subject2_session1_motor , submitted
fp_rep_motion_native_subject1_session1_motor , finished
fp_rep_target_native_subject2_session1_motor , submitted
fp_rep_template_stereo , finished
fp_rep_motion_report_subject1_session1_motor , submitted
fp_rep_target_native_subject1_session1_motor , finished
fp_rep_motion_report , submitted
fp_rep_motion_native_subject2_session1_motor , finished
fp_rep_motion_report_subject2_session1_motor , submitted
fp_rep_motion_report_subject1_session1_motor , finished
gun_build_test_data , submitted
fp_rep_motion_report , finished
fp_rep_target_native_subject2_session1_motor , finished
fp_rep_motion_report_subject2_session1_motor , finished
gun_build_test_data , finished
gun_networks_network4 , submitted
gun_networks_network16 , submitted
gun_networks_network4 , finished
gun_networks_network16 , finished
gun_connectome_subject1 , submitted
gun_connectome_subject2 , submitted
gun_connectome_subject3 , submitted
gun_connectome_subject4 , submitted
fp_motion_Wrun_subject1_session1_motor , finished
fp_motion_parameters_subject1_session1_motor , submitted
fp_motion_Wrun_subject2_session1_motor , finished
fp_motion_parameters_subject2_session1_motor , submitted
fp_motion_parameters_subject1_session1_motor , finished
fp_motion_parameters_subject2_session1_motor , finished
gun_connectome_subject1 , finished
gun_connectome_subject2 , finished
gun_connectome_subject3 , finished
gun_connectome_subject4 , finished
gun_network4_glm_avg_corr_all , submitted
gun_network4_glm_avg_corr_young , submitted
gun_network4_glm_corr_vs_age , submitted
gun_network16_glm_avg_corr_all , submitted
gun_network16_glm_avg_corr_young , submitted
gun_network16_glm_corr_vs_age , submitted
gun_network4_glm_avg_corr_all , finished
gun_network4_glm_avg_corr_young , finished
gun_network4_glm_corr_vs_age , finished
gun_network16_glm_avg_corr_all , finished
gun_permutation_avg_corr_all_batch_1 , submitted
gun_permutation_avg_corr_all_batch_2 , submitted
gun_network16_glm_avg_corr_young , finished
gun_permutation_avg_corr_young_batch_1 , submitted
gun_permutation_avg_corr_young_batch_2 , submitted
gun_network16_glm_corr_vs_age , finished
gun_permutation_corr_vs_age_batch_1 , submitted
gun_permutation_corr_vs_age_batch_2 , submitted
gun_permutation_avg_corr_all_batch_2 , finished
gun_permutation_avg_corr_young_batch_2 , finished
gun_permutation_avg_corr_all_batch_1 , finished
gun_permutation_avg_corr_young_batch_1 , finished
gun_permutation_corr_vs_age_batch_1 , finished
gun_permutation_corr_vs_age_batch_2 , finished
gun_summary_findings , submitted
gun_summary_findings , finished
gun_check_test_correlation , submitted
gun_check_test_correlation , finished
fp_t1_preprocess_subject1 , finished
fp_mask_anat2func_subject1 , submitted
fp_rep_t1_subject1 , submitted
fp_rep_t1_subject1 , finished
fp_mask_anat2func_subject1 , finished
fp_anat2func_subject1 , submitted
fp_t1_preprocess_subject2 , finished
fp_mask_anat2func_subject2 , submitted
fp_qc_coregister_group_anat_stereolin , submitted
fp_qc_group_coregister_anat_stereonl , submitted
fp_rep_t1_subject2 , submitted
fp_rep_t1_subject2 , finished
fp_qc_coregister_group_anat_stereolin , finished
fp_qc_group_coregister_anat_stereonl , finished
fp_rep_average_t1_stereo , submitted
fp_mask_anat2func_subject2 , finished
fp_anat2func_subject2 , submitted
fp_rep_average_t1_stereo , finished
fp_anat2func_subject1 , finished
fp_concat_transf_nl_subject1 , submitted
fp_concat_transf_nl_subject1 , finished
fp_resample_subject1_session1_motor , submitted
fp_anat2func_subject2 , finished
fp_concat_transf_nl_subject2 , submitted
fp_concat_transf_nl_subject2 , finished
fp_resample_subject2_session1_motor , submitted
fp_resample_subject1_session1_motor , finished
fp_qc_motion_subject1 , submitted
fp_time_filter_subject1_session1_motor , submitted
fp_rep_motion_stereo_subject1_session1_motor , submitted
fp_rep_target_stereo_subject1_session1_motor , submitted
fp_time_filter_subject1_session1_motor , finished
fp_rep_motion_stereo_subject1_session1_motor , finished
fp_rep_target_stereo_subject1_session1_motor , finished
fp_qc_motion_subject1 , finished
fp_mask_confounds_subject1 , submitted
fp_rep_bold_subject1 , submitted
fp_rep_bold_subject1 , finished
fp_mask_confounds_subject1 , finished
fp_build_confounds_subject1_session1_motor , submitted
fp_build_confounds_subject1_session1_motor , finished
fp_regress_confounds_subject1_session1_motor , submitted
fp_rep_motion_ind_subject1_session1_motor , submitted
fp_rep_motion_ind_subject1_session1_motor , finished
fp_regress_confounds_subject1_session1_motor , finished
fp_smooth_subject1_session1_motor , submitted
fp_smooth_subject1_session1_motor , finished
con_mask_rois , submitted
gfir_networks_cambridge100 , submitted
gfir_networks_cambridge100bis , submitted
gcon_networks_cambridge100 , submitted
gcon_networks_cambridge100bis , submitted
sco_scores_resample_part , submitted
fp_resample_subject2_session1_motor , finished
fp_qc_motion_subject2 , submitted
fp_time_filter_subject2_session1_motor , submitted
con_mask_rois , finished
fp_rep_motion_stereo_subject2_session1_motor , submitted
gfir_networks_cambridge100 , finished
fp_rep_target_stereo_subject2_session1_motor , submitted
gfir_networks_cambridge100bis , finished
con_connectome_subject1 , submitted
gcon_networks_cambridge100 , finished
con_rmap_seeds_subject1 , submitted
gcon_networks_cambridge100bis , finished
gfir_fir_subject1a , submitted
sco_scores_resample_part , finished
gfir_fir_subject1b , submitted
fp_time_filter_subject2_session1_motor , finished
gfir_fir_subject1c , submitted
fp_rep_target_stereo_subject2_session1_motor , finished
gfir_fir_subject1d , submitted
fp_rep_motion_stereo_subject2_session1_motor , finished
gcon_connectome_subject1a , submitted
con_connectome_subject1 , finished
con_graph_prop_rois_subject1 , submitted
con_graph_prop_rois_subject1 , finished
gcon_connectome_subject1b , submitted
gfir_fir_subject1b , finished
gcon_connectome_subject1c , submitted
gfir_fir_subject1a , finished
gcon_connectome_subject1d , submitted
gfir_fir_subject1c , finished
gfir_fir_subject1d , finished
fp_qc_motion_subject2 , finished
fp_mask_confounds_subject2 , submitted
fp_qc_group_coregister_func , submitted
fp_qc_group_motion_estimation , submitted
gcon_connectome_subject1b , finished
fp_rep_summary_intra , submitted
gcon_connectome_subject1c , finished
fp_rep_bold_subject2 , submitted
fp_rep_summary_intra , finished
con_rmap_seeds_subject1 , finished
gcon_connectome_subject1d , finished
gcon_connectome_subject1a , finished
fp_qc_group_motion_estimation , finished
fp_rep_bold_subject2 , finished
fp_qc_group_coregister_func , finished
fp_rep_summary_func , submitted
fp_rep_summary_anat , submitted
fp_rep_average_func_stereo , submitted
fp_rep_mask_func_group_stereo , submitted
fp_rep_avg_mask_func_stereo , submitted
rg_mask_areas , submitted
fir_fir_subject_subject1 , submitted
fp_rep_summary_func , finished
fir_mask_areas , submitted
fp_rep_summary_anat , finished
basc_mask_areas , submitted
fp_rep_average_func_stereo , finished
sco_scores_resample_mask , submitted
rg_mask_areas , finished
rg_tseries_subject1_session1_motor , submitted
fir_fir_subject_subject1 , finished
rg_neighbourhood_areas , submitted
fir_mask_areas , finished
fir_tseries_subject1_session1_motor , submitted
basc_mask_areas , finished
fir_neighbourhood_areas , submitted
fp_rep_mask_func_group_stereo , finished
basc_tseries_subject1_session1_motor , submitted
fp_rep_avg_mask_func_stereo , finished
basc_neighbourhood_areas , submitted
fp_mask_confounds_subject2 , finished
fp_build_confounds_subject2_session1_motor , submitted
rg_tseries_subject1_session1_motor , finished
rg_neighbourhood_areas , finished
fir_neighbourhood_areas , finished
sco_scores_resample_mask , finished
sco_scores_subject1_session1_motor , submitted
fir_tseries_subject1_session1_motor , finished
basc_neighbourhood_areas , finished
basc_tseries_subject1_session1_motor , finished
fp_build_confounds_subject2_session1_motor , finished
fp_regress_confounds_subject2_session1_motor , submitted
fp_rep_motion_ind_subject2_session1_motor , submitted
fp_rep_motion_ind_subject2_session1_motor , finished
fp_regress_confounds_subject2_session1_motor , finished
fp_smooth_subject2_session1_motor , submitted
fp_qc_group_scrubbing , submitted
fp_qc_group_scrubbing , finished
fp_rep_summary_scrubbing , submitted
fp_rep_summary_scrubbing , finished
sco_scores_subject1_session1_motor , finished
fp_smooth_subject2_session1_motor , finished
rg_tseries_subject2_session1_motor , submitted
con_connectome_subject2 , submitted
con_rmap_seeds_subject2 , submitted
fir_fir_subject_subject2 , submitted
gfir_fir_subject2a , submitted
gfir_fir_subject2b , submitted
gfir_fir_subject2c , submitted
gfir_fir_subject2d , submitted
con_connectome_subject2 , finished
con_graph_prop_rois_subject2 , submitted
rg_tseries_subject2_session1_motor , finished
rg_region_growing_area_2001 , submitted
fir_fir_subject_subject2 , finished
rg_region_growing_area_2002 , submitted
rg_region_growing_area_2001 , finished
rg_region_growing_area_2101 , submitted
con_graph_prop_rois_subject2 , finished
rg_region_growing_area_2102 , submitted
rg_region_growing_area_2002 , finished
rg_region_growing_area_2111 , submitted
gfir_fir_subject2b , finished
rg_region_growing_area_2112 , submitted
gfir_fir_subject2c , finished
rg_region_growing_area_2201 , submitted
rg_region_growing_area_2101 , finished
rg_region_growing_area_2202 , submitted
gfir_fir_subject2d , finished
rg_region_growing_area_2211 , submitted
rg_region_growing_area_2102 , finished
rg_region_growing_area_2212 , submitted
gfir_fir_subject2a , finished
rg_region_growing_area_2301 , submitted
rg_region_growing_area_2111 , finished
rg_region_growing_area_2302 , submitted
rg_region_growing_area_2112 , finished
rg_region_growing_area_2311 , submitted
rg_region_growing_area_2201 , finished
rg_region_growing_area_2312 , submitted
rg_region_growing_area_2202 , finished
rg_region_growing_area_2321 , submitted
rg_region_growing_area_2211 , finished
rg_region_growing_area_2322 , submitted
rg_region_growing_area_2212 , finished
rg_region_growing_area_2331 , submitted
rg_region_growing_area_2301 , finished
rg_region_growing_area_2332 , submitted
rg_region_growing_area_2302 , finished
rg_region_growing_area_2401 , submitted
rg_region_growing_area_2311 , finished
rg_region_growing_area_2402 , submitted
rg_region_growing_area_2312 , finished
rg_region_growing_area_2501 , submitted
rg_region_growing_area_2321 , finished
rg_region_growing_area_2502 , submitted
rg_region_growing_area_2322 , finished
rg_region_growing_area_2601 , submitted
rg_region_growing_area_2331 , finished
rg_region_growing_area_2602 , submitted
rg_region_growing_area_2332 , finished
rg_region_growing_area_2611 , submitted
rg_region_growing_area_2401 , finished
rg_region_growing_area_2612 , submitted
rg_region_growing_area_2402 , finished
rg_region_growing_area_2701 , submitted
rg_region_growing_area_2501 , finished
rg_region_growing_area_2702 , submitted
rg_region_growing_area_2502 , finished
rg_region_growing_area_3001 , submitted
rg_region_growing_area_2601 , finished
rg_region_growing_area_3002 , submitted
rg_region_growing_area_2602 , finished
rg_region_growing_area_4001 , submitted
rg_region_growing_area_2611 , finished
rg_region_growing_area_4002 , submitted
rg_region_growing_area_2612 , finished
rg_region_growing_area_4011 , submitted
con_rmap_seeds_subject2 , finished
rg_region_growing_area_4012 , submitted
rg_region_growing_area_2701 , finished
rg_region_growing_area_4021 , submitted
rg_region_growing_area_2702 , finished
rg_region_growing_area_4022 , submitted
rg_region_growing_area_3001 , finished
rg_region_growing_area_4101 , submitted
rg_region_growing_area_3002 , finished
rg_region_growing_area_4102 , submitted
rg_region_growing_area_4001 , finished
rg_region_growing_area_4111 , submitted
rg_region_growing_area_4002 , finished
rg_region_growing_area_4112 , submitted
rg_region_growing_area_4011 , finished
rg_region_growing_area_4201 , submitted
rg_region_growing_area_4012 , finished
rg_region_growing_area_4202 , submitted
rg_region_growing_area_4021 , finished
rg_region_growing_area_5001 , submitted
rg_region_growing_area_4022 , finished
rg_region_growing_area_5002 , submitted
rg_region_growing_area_4101 , finished
rg_region_growing_area_5011 , submitted
rg_region_growing_area_4102 , finished
rg_region_growing_area_5012 , submitted
rg_region_growing_area_4111 , finished
rg_region_growing_area_5021 , submitted
rg_region_growing_area_4112 , finished
rg_region_growing_area_5022 , submitted
rg_region_growing_area_4201 , finished
rg_region_growing_area_5101 , submitted
rg_region_growing_area_4202 , finished
rg_region_growing_area_5102 , submitted
rg_region_growing_area_5001 , finished
rg_region_growing_area_5201 , submitted
rg_region_growing_area_5002 , finished
rg_region_growing_area_5202 , submitted
rg_region_growing_area_5011 , finished
rg_region_growing_area_5301 , submitted
rg_region_growing_area_5012 , finished
rg_region_growing_area_5302 , submitted
rg_region_growing_area_5021 , finished
rg_region_growing_area_5401 , submitted
rg_region_growing_area_5022 , finished
rg_region_growing_area_5402 , submitted
rg_region_growing_area_5101 , finished
rg_region_growing_area_6001 , submitted
rg_region_growing_area_5102 , finished
rg_region_growing_area_6002 , submitted
rg_region_growing_area_5201 , finished
rg_region_growing_area_6101 , submitted
rg_region_growing_area_5202 , finished
rg_region_growing_area_6102 , submitted
rg_region_growing_area_5301 , finished
rg_region_growing_area_6201 , submitted
rg_region_growing_area_5302 , finished
rg_region_growing_area_6202 , submitted
rg_region_growing_area_5401 , finished
rg_region_growing_area_6211 , submitted
rg_region_growing_area_5402 , finished
rg_region_growing_area_6212 , submitted
rg_region_growing_area_6001 , finished
rg_region_growing_area_6221 , submitted
rg_region_growing_area_6002 , finished
rg_region_growing_area_6222 , submitted
rg_region_growing_area_6101 , finished
rg_region_growing_area_6301 , submitted
rg_region_growing_area_6102 , finished
rg_region_growing_area_6302 , submitted
rg_region_growing_area_6201 , finished
rg_region_growing_area_6401 , submitted
rg_region_growing_area_6202 , finished
rg_region_growing_area_6402 , submitted
rg_region_growing_area_6211 , finished
rg_region_growing_area_7001 , submitted
rg_region_growing_area_6212 , finished
rg_region_growing_area_7002 , submitted
rg_region_growing_area_6221 , finished
rg_region_growing_area_7011 , submitted
rg_region_growing_area_6222 , finished
rg_region_growing_area_7012 , submitted
rg_region_growing_area_6301 , finished
rg_region_growing_area_7021 , submitted
rg_region_growing_area_6302 , finished
rg_region_growing_area_7022 , submitted
rg_region_growing_area_6401 , finished
rg_region_growing_area_7101 , submitted
rg_region_growing_area_6402 , finished
rg_region_growing_area_7102 , submitted
rg_region_growing_area_7001 , finished
rg_region_growing_area_8101 , submitted
rg_region_growing_area_7002 , finished
rg_region_growing_area_8102 , submitted
rg_region_growing_area_7011 , finished
rg_region_growing_area_8111 , submitted
rg_region_growing_area_7012 , finished
rg_region_growing_area_8112 , submitted
rg_region_growing_area_7021 , finished
rg_region_growing_area_8121 , submitted
rg_region_growing_area_7022 , finished
rg_region_growing_area_8122 , submitted
rg_region_growing_area_7101 , finished
rg_region_growing_area_8201 , submitted
rg_region_growing_area_7102 , finished
rg_region_growing_area_8202 , submitted
rg_region_growing_area_8101 , finished
rg_region_growing_area_8211 , submitted
rg_region_growing_area_8102 , finished
rg_region_growing_area_8212 , submitted
rg_region_growing_area_8111 , finished
rg_region_growing_area_8301 , submitted
rg_region_growing_area_8112 , finished
rg_region_growing_area_8302 , submitted
rg_region_growing_area_8121 , finished
rg_region_growing_area_9001 , submitted
rg_region_growing_area_8122 , finished
rg_region_growing_area_9002 , submitted
rg_region_growing_area_8201 , finished
rg_region_growing_area_9011 , submitted
rg_region_growing_area_8202 , finished
rg_region_growing_area_9012 , submitted
rg_region_growing_area_8211 , finished
rg_region_growing_area_9021 , submitted
rg_region_growing_area_8212 , finished
rg_region_growing_area_9022 , submitted
rg_region_growing_area_8301 , finished
rg_region_growing_area_9031 , submitted
rg_region_growing_area_8302 , finished
rg_region_growing_area_9032 , submitted
rg_region_growing_area_9001 , finished
rg_region_growing_area_9041 , submitted
rg_region_growing_area_9002 , finished
rg_region_growing_area_9042 , submitted
rg_region_growing_area_9011 , finished
rg_region_growing_area_9051 , submitted
rg_region_growing_area_9012 , finished
rg_region_growing_area_9052 , submitted
rg_region_growing_area_9021 , finished
rg_region_growing_area_9061 , submitted
rg_region_growing_area_9022 , finished
rg_region_growing_area_9062 , submitted
rg_region_growing_area_9031 , finished
rg_region_growing_area_9071 , submitted
rg_region_growing_area_9032 , finished
rg_region_growing_area_9072 , submitted
rg_region_growing_area_9041 , finished
rg_region_growing_area_9081 , submitted
rg_region_growing_area_9042 , finished
rg_region_growing_area_9082 , submitted
rg_region_growing_area_9051 , finished
rg_region_growing_area_9100 , submitted
rg_region_growing_area_9052 , finished
rg_region_growing_area_9110 , submitted
rg_region_growing_area_9061 , finished
rg_region_growing_area_9120 , submitted
rg_region_growing_area_9062 , finished
rg_region_growing_area_9130 , submitted
rg_region_growing_area_9071 , finished
rg_region_growing_area_9140 , submitted
rg_region_growing_area_9072 , finished
rg_region_growing_area_9150 , submitted
rg_region_growing_area_9081 , finished
rg_region_growing_area_9160 , submitted
rg_region_growing_area_9082 , finished
rg_region_growing_area_9170 , submitted
rg_region_growing_area_9100 , finished
con_summary_graph_prop_rois , submitted
rg_region_growing_area_9110 , finished
con_average_rmap_PCC , submitted
rg_region_growing_area_9120 , finished
con_average_rmap_aMPFC , submitted
rg_region_growing_area_9130 , finished
con_average_rmap_MTL , submitted
rg_region_growing_area_9140 , finished
con_average_rmap_FUS , submitted
rg_region_growing_area_9150 , finished
con_average_rmap_PCUNm , submitted
rg_region_growing_area_9160 , finished
con_average_rmap_dMPFC3 , submitted
rg_region_growing_area_9170 , finished
rg_merge_part , submitted
con_summary_graph_prop_rois , finished
fir_tseries_subject2_session1_motor , submitted
con_average_rmap_PCC , finished
gfir_glm_avg_fir , submitted
con_average_rmap_aMPFC , finished
gfir_glm_sub1_m_sub2 , submitted
con_average_rmap_MTL , finished
basc_tseries_subject2_session1_motor , submitted
con_average_rmap_FUS , finished
gcon_connectome_subject2a , submitted
con_average_rmap_PCUNm , finished
gcon_connectome_subject2b , submitted
con_average_rmap_dMPFC3 , finished
gcon_connectome_subject2c , submitted
fir_tseries_subject2_session1_motor , finished
fir_region_growing_area_2001 , submitted
rg_merge_part , finished
fir_region_growing_area_2002 , submitted
fir_region_growing_area_2001 , finished
fir_region_growing_area_2101 , submitted
fir_region_growing_area_2002 , finished
fir_region_growing_area_2102 , submitted
fir_region_growing_area_2101 , finished
fir_region_growing_area_2111 , submitted
basc_tseries_subject2_session1_motor , finished
fir_region_growing_area_2112 , submitted
fir_region_growing_area_2102 , finished
fir_region_growing_area_2201 , submitted
fir_region_growing_area_2112 , finished
fir_region_growing_area_2202 , submitted
fir_region_growing_area_2111 , finished
fir_region_growing_area_2211 , submitted
fir_region_growing_area_2201 , finished
fir_region_growing_area_2212 , submitted
fir_region_growing_area_2202 , finished
fir_region_growing_area_2301 , submitted
fir_region_growing_area_2211 , finished
fir_region_growing_area_2302 , submitted
gfir_glm_avg_fir , finished
fir_region_growing_area_2311 , submitted
fir_region_growing_area_2212 , finished
fir_region_growing_area_2312 , submitted
fir_region_growing_area_2301 , finished
fir_region_growing_area_2321 , submitted
gcon_connectome_subject2b , finished
fir_region_growing_area_2322 , submitted
gcon_connectome_subject2c , finished
fir_region_growing_area_2331 , submitted
fir_region_growing_area_2302 , finished
fir_region_growing_area_2332 , submitted
fir_region_growing_area_2311 , finished
fir_region_growing_area_2401 , submitted
fir_region_growing_area_2312 , finished
fir_region_growing_area_2402 , submitted
gfir_glm_sub1_m_sub2 , finished
fir_region_growing_area_2501 , submitted
fir_region_growing_area_2321 , finished
fir_region_growing_area_2502 , submitted
fir_region_growing_area_2322 , finished
fir_region_growing_area_2601 , submitted
fir_region_growing_area_2331 , finished
fir_region_growing_area_2602 , submitted
fir_region_growing_area_2332 , finished
fir_region_growing_area_2611 , submitted
fir_region_growing_area_2401 , finished
fir_region_growing_area_2612 , submitted
fir_region_growing_area_2402 , finished
fir_region_growing_area_2701 , submitted
fir_region_growing_area_2501 , finished
fir_region_growing_area_2702 , submitted
fir_region_growing_area_2502 , finished
fir_region_growing_area_3001 , submitted
fir_region_growing_area_2601 , finished
fir_region_growing_area_3002 , submitted
fir_region_growing_area_2602 , finished
fir_region_growing_area_4001 , submitted
fir_region_growing_area_2611 , finished
fir_region_growing_area_4002 , submitted
gcon_connectome_subject2a , finished
fir_region_growing_area_4011 , submitted
fir_region_growing_area_2612 , finished
fir_region_growing_area_4012 , submitted
fir_region_growing_area_2701 , finished
fir_region_growing_area_4021 , submitted
fir_region_growing_area_2702 , finished
fir_region_growing_area_4022 , submitted
fir_region_growing_area_3001 , finished
fir_region_growing_area_4101 , submitted
fir_region_growing_area_3002 , finished
fir_region_growing_area_4102 , submitted
fir_region_growing_area_4001 , finished
fir_region_growing_area_4111 , submitted
fir_region_growing_area_4002 , finished
fir_region_growing_area_4112 , submitted
fir_region_growing_area_4011 , finished
fir_region_growing_area_4201 , submitted
fir_region_growing_area_4012 , finished
fir_region_growing_area_4202 , submitted
fir_region_growing_area_4021 , finished
fir_region_growing_area_5001 , submitted
fir_region_growing_area_4022 , finished
fir_region_growing_area_5002 , submitted
fir_region_growing_area_4101 , finished
fir_region_growing_area_5011 , submitted
fir_region_growing_area_4102 , finished
fir_region_growing_area_5012 , submitted
fir_region_growing_area_4111 , finished
fir_region_growing_area_5021 , submitted
fir_region_growing_area_4112 , finished
fir_region_growing_area_5022 , submitted
fir_region_growing_area_4201 , finished
fir_region_growing_area_5101 , submitted
fir_region_growing_area_4202 , finished
fir_region_growing_area_5102 , submitted
fir_region_growing_area_5001 , finished
fir_region_growing_area_5201 , submitted
fir_region_growing_area_5002 , finished
fir_region_growing_area_5202 , submitted
fir_region_growing_area_5011 , finished
fir_region_growing_area_5301 , submitted
fir_region_growing_area_5012 , finished
fir_region_growing_area_5302 , submitted
fir_region_growing_area_5021 , finished
fir_region_growing_area_5401 , submitted
fir_region_growing_area_5022 , finished
fir_region_growing_area_5402 , submitted
fir_region_growing_area_5101 , finished
fir_region_growing_area_6001 , submitted
fir_region_growing_area_5102 , finished
fir_region_growing_area_6002 , submitted
fir_region_growing_area_5201 , finished
fir_region_growing_area_6101 , submitted
fir_region_growing_area_5202 , finished
fir_region_growing_area_6102 , submitted
fir_region_growing_area_5301 , finished
fir_region_growing_area_6201 , submitted
fir_region_growing_area_5302 , finished
fir_region_growing_area_6202 , submitted
fir_region_growing_area_5401 , finished
fir_region_growing_area_6211 , submitted
fir_region_growing_area_5402 , finished
fir_region_growing_area_6212 , submitted
fir_region_growing_area_6001 , finished
fir_region_growing_area_6221 , submitted
fir_region_growing_area_6002 , finished
fir_region_growing_area_6222 , submitted
fir_region_growing_area_6101 , finished
fir_region_growing_area_6301 , submitted
fir_region_growing_area_6102 , finished
fir_region_growing_area_6302 , submitted
fir_region_growing_area_6201 , finished
fir_region_growing_area_6401 , submitted
fir_region_growing_area_6202 , finished
fir_region_growing_area_6402 , submitted
fir_region_growing_area_6211 , finished
fir_region_growing_area_7001 , submitted
fir_region_growing_area_6212 , finished
fir_region_growing_area_7002 , submitted
fir_region_growing_area_6221 , finished
fir_region_growing_area_7011 , submitted
fir_region_growing_area_6222 , finished
fir_region_growing_area_7012 , submitted
fir_region_growing_area_6301 , finished
fir_region_growing_area_7021 , submitted
fir_region_growing_area_6302 , finished
fir_region_growing_area_7022 , submitted
fir_region_growing_area_6401 , finished
fir_region_growing_area_7101 , submitted
fir_region_growing_area_6402 , finished
fir_region_growing_area_7102 , submitted
fir_region_growing_area_7001 , finished
fir_region_growing_area_8101 , submitted
fir_region_growing_area_7002 , finished
fir_region_growing_area_8102 , submitted
fir_region_growing_area_7011 , finished
fir_region_growing_area_8111 , submitted
fir_region_growing_area_7012 , finished
fir_region_growing_area_8112 , submitted
fir_region_growing_area_7021 , finished
fir_region_growing_area_8121 , submitted
fir_region_growing_area_7022 , finished
fir_region_growing_area_8122 , submitted
fir_region_growing_area_7101 , finished
fir_region_growing_area_8201 , submitted
fir_region_growing_area_7102 , finished
fir_region_growing_area_8202 , submitted
fir_region_growing_area_8101 , finished
fir_region_growing_area_8211 , submitted
fir_region_growing_area_8102 , finished
fir_region_growing_area_8212 , submitted
fir_region_growing_area_8111 , finished
fir_region_growing_area_8301 , submitted
fir_region_growing_area_8112 , finished
fir_region_growing_area_8302 , submitted
fir_region_growing_area_8121 , finished
fir_region_growing_area_9001 , submitted
fir_region_growing_area_8122 , finished
fir_region_growing_area_9002 , submitted
fir_region_growing_area_8201 , finished
fir_region_growing_area_9011 , submitted
fir_region_growing_area_8202 , finished
fir_region_growing_area_9012 , submitted
fir_region_growing_area_8211 , finished
fir_region_growing_area_9021 , submitted
fir_region_growing_area_8212 , finished
fir_region_growing_area_9022 , submitted
fir_region_growing_area_8301 , finished
fir_region_growing_area_9031 , submitted
fir_region_growing_area_8302 , finished
fir_region_growing_area_9032 , submitted
fir_region_growing_area_9001 , finished
fir_region_growing_area_9041 , submitted
fir_region_growing_area_9002 , finished
fir_region_growing_area_9042 , submitted
fir_region_growing_area_9011 , finished
fir_region_growing_area_9051 , submitted
fir_region_growing_area_9012 , finished
fir_region_growing_area_9052 , submitted
fir_region_growing_area_9021 , finished
fir_region_growing_area_9061 , submitted
fir_region_growing_area_9022 , finished
fir_region_growing_area_9062 , submitted
fir_region_growing_area_9031 , finished
fir_region_growing_area_9071 , submitted
fir_region_growing_area_9032 , finished
fir_region_growing_area_9072 , submitted
fir_region_growing_area_9041 , finished
fir_region_growing_area_9081 , submitted
fir_region_growing_area_9042 , finished
fir_region_growing_area_9082 , submitted
fir_region_growing_area_9051 , finished
fir_region_growing_area_9100 , submitted
fir_region_growing_area_9052 , finished
fir_region_growing_area_9110 , submitted
fir_region_growing_area_9061 , finished
fir_region_growing_area_9120 , submitted
fir_region_growing_area_9062 , finished
fir_region_growing_area_9130 , submitted
fir_region_growing_area_9071 , finished
fir_region_growing_area_9140 , submitted
fir_region_growing_area_9072 , finished
fir_region_growing_area_9150 , submitted
fir_region_growing_area_9081 , finished
fir_region_growing_area_9160 , submitted
fir_region_growing_area_9082 , finished
fir_region_growing_area_9170 , submitted
fir_region_growing_area_9100 , finished
gfir_permutation_avg_fir_batch_1 , submitted
fir_region_growing_area_9110 , finished
gfir_permutation_sub1_m_sub2_batch_1 , submitted
fir_region_growing_area_9120 , finished
gfir_permutation_avg_fir_batch_2 , submitted
fir_region_growing_area_9130 , finished
gfir_permutation_sub1_m_sub2_batch_2 , submitted
fir_region_growing_area_9140 , finished
basc_region_growing_area_2001 , submitted
fir_region_growing_area_9150 , finished
basc_region_growing_area_2002 , submitted
fir_region_growing_area_9160 , finished
basc_region_growing_area_2101 , submitted
fir_region_growing_area_9170 , finished
fir_merge_part , submitted
gfir_permutation_avg_fir_batch_1 , finished
basc_region_growing_area_2102 , submitted
gfir_permutation_sub1_m_sub2_batch_1 , finished
basc_region_growing_area_2111 , submitted
gfir_permutation_avg_fir_batch_2 , finished
basc_region_growing_area_2112 , submitted
gfir_permutation_sub1_m_sub2_batch_2 , finished
gfir_summary_findings , submitted
basc_region_growing_area_2001 , finished
basc_region_growing_area_2201 , submitted
basc_region_growing_area_2002 , finished
basc_region_growing_area_2202 , submitted
fir_merge_part , finished
fir_roi_tseries_subject_subject1 , submitted
basc_region_growing_area_2101 , finished
fir_roi_tseries_subject_subject2 , submitted
basc_region_growing_area_2102 , finished
basc_region_growing_area_2211 , submitted
basc_region_growing_area_2111 , finished
basc_region_growing_area_2212 , submitted
basc_region_growing_area_2112 , finished
basc_region_growing_area_2301 , submitted
gfir_summary_findings , finished
basc_region_growing_area_2302 , submitted
basc_region_growing_area_2201 , finished
basc_region_growing_area_2311 , submitted
basc_region_growing_area_2202 , finished
basc_region_growing_area_2312 , submitted
basc_region_growing_area_2211 , finished
basc_region_growing_area_2321 , submitted
basc_region_growing_area_2212 , finished
basc_region_growing_area_2322 , submitted
basc_region_growing_area_2301 , finished
basc_region_growing_area_2331 , submitted
basc_region_growing_area_2302 , finished
basc_region_growing_area_2332 , submitted
fir_roi_tseries_subject_subject1 , finished
fir_stability_ind_subject1 , submitted
basc_region_growing_area_2311 , finished
basc_region_growing_area_2401 , submitted
basc_region_growing_area_2312 , finished
basc_region_growing_area_2402 , submitted
basc_region_growing_area_2321 , finished
basc_region_growing_area_2501 , submitted
fir_roi_tseries_subject_subject2 , finished
fir_stability_ind_subject2 , submitted
basc_region_growing_area_2322 , finished
basc_region_growing_area_2502 , submitted
basc_region_growing_area_2331 , finished
basc_region_growing_area_2601 , submitted
basc_region_growing_area_2332 , finished
basc_region_growing_area_2602 , submitted
basc_region_growing_area_2401 , finished
basc_region_growing_area_2611 , submitted
basc_region_growing_area_2402 , finished
basc_region_growing_area_2612 , submitted
basc_region_growing_area_2501 , finished
basc_region_growing_area_2701 , submitted
basc_region_growing_area_2502 , finished
basc_region_growing_area_2702 , submitted
basc_region_growing_area_2601 , finished
basc_region_growing_area_3001 , submitted
basc_region_growing_area_2602 , finished
basc_region_growing_area_3002 , submitted
basc_region_growing_area_2611 , finished
basc_region_growing_area_4001 , submitted
basc_region_growing_area_2612 , finished
basc_region_growing_area_4002 , submitted
basc_region_growing_area_2701 , finished
basc_region_growing_area_4011 , submitted
basc_region_growing_area_2702 , finished
basc_region_growing_area_4012 , submitted
basc_region_growing_area_3001 , finished
basc_region_growing_area_4021 , submitted
basc_region_growing_area_3002 , finished
basc_region_growing_area_4022 , submitted
basc_region_growing_area_4001 , finished
basc_region_growing_area_4101 , submitted
basc_region_growing_area_4002 , finished
basc_region_growing_area_4102 , submitted
basc_region_growing_area_4011 , finished
basc_region_growing_area_4111 , submitted
basc_region_growing_area_4012 , finished
basc_region_growing_area_4112 , submitted
basc_region_growing_area_4021 , finished
basc_region_growing_area_4201 , submitted
basc_region_growing_area_4022 , finished
basc_region_growing_area_4202 , submitted
basc_region_growing_area_4101 , finished
basc_region_growing_area_5001 , submitted
basc_region_growing_area_4102 , finished
basc_region_growing_area_5002 , submitted
basc_region_growing_area_4111 , finished
basc_region_growing_area_5011 , submitted
basc_region_growing_area_4112 , finished
basc_region_growing_area_5012 , submitted
basc_region_growing_area_4201 , finished
basc_region_growing_area_5021 , submitted
basc_region_growing_area_4202 , finished
basc_region_growing_area_5022 , submitted
basc_region_growing_area_5001 , finished
basc_region_growing_area_5101 , submitted
basc_region_growing_area_5002 , finished
basc_region_growing_area_5102 , submitted
basc_region_growing_area_5011 , finished
basc_region_growing_area_5201 , submitted
basc_region_growing_area_5012 , finished
basc_region_growing_area_5202 , submitted
basc_region_growing_area_5021 , finished
basc_region_growing_area_5301 , submitted
basc_region_growing_area_5022 , finished
basc_region_growing_area_5302 , submitted
basc_region_growing_area_5101 , finished
basc_region_growing_area_5401 , submitted
basc_region_growing_area_5102 , finished
basc_region_growing_area_5402 , submitted
basc_region_growing_area_5201 , finished
basc_region_growing_area_6001 , submitted
basc_region_growing_area_5202 , finished
basc_region_growing_area_6002 , submitted
basc_region_growing_area_5301 , finished
basc_region_growing_area_6101 , submitted
basc_region_growing_area_5302 , finished
basc_region_growing_area_6102 , submitted
basc_region_growing_area_5401 , finished
basc_region_growing_area_6201 , submitted
basc_region_growing_area_5402 , finished
basc_region_growing_area_6202 , submitted
basc_region_growing_area_6001 , finished
basc_region_growing_area_6211 , submitted
basc_region_growing_area_6002 , finished
basc_region_growing_area_6212 , submitted
basc_region_growing_area_6101 , finished
basc_region_growing_area_6221 , submitted
basc_region_growing_area_6102 , finished
basc_region_growing_area_6222 , submitted
basc_region_growing_area_6201 , finished
basc_region_growing_area_6301 , submitted
basc_region_growing_area_6202 , finished
basc_region_growing_area_6302 , submitted
basc_region_growing_area_6211 , finished
basc_region_growing_area_6401 , submitted
basc_region_growing_area_6212 , finished
basc_region_growing_area_6402 , submitted
basc_region_growing_area_6221 , finished
basc_region_growing_area_7001 , submitted
basc_region_growing_area_6222 , finished
basc_region_growing_area_7002 , submitted
basc_region_growing_area_6301 , finished
basc_region_growing_area_7011 , submitted
basc_region_growing_area_6302 , finished
basc_region_growing_area_7012 , submitted
basc_region_growing_area_6401 , finished
basc_region_growing_area_7021 , submitted
basc_region_growing_area_6402 , finished
basc_region_growing_area_7022 , submitted
basc_region_growing_area_7001 , finished
basc_region_growing_area_7101 , submitted
basc_region_growing_area_7002 , finished
basc_region_growing_area_7102 , submitted
basc_region_growing_area_7011 , finished
basc_region_growing_area_8101 , submitted
basc_region_growing_area_7012 , finished
basc_region_growing_area_8102 , submitted
basc_region_growing_area_7021 , finished
basc_region_growing_area_8111 , submitted
basc_region_growing_area_7022 , finished
basc_region_growing_area_8112 , submitted
basc_region_growing_area_7101 , finished
basc_region_growing_area_8121 , submitted
basc_region_growing_area_7102 , finished
basc_region_growing_area_8122 , submitted
basc_region_growing_area_8101 , finished
basc_region_growing_area_8201 , submitted
basc_region_growing_area_8102 , finished
basc_region_growing_area_8202 , submitted
basc_region_growing_area_8111 , finished
basc_region_growing_area_8211 , submitted
basc_region_growing_area_8112 , finished
basc_region_growing_area_8212 , submitted
basc_region_growing_area_8121 , finished
basc_region_growing_area_8301 , submitted
basc_region_growing_area_8122 , finished
basc_region_growing_area_8302 , submitted
basc_region_growing_area_8201 , finished
basc_region_growing_area_9001 , submitted
basc_region_growing_area_8202 , finished
basc_region_growing_area_9002 , submitted
basc_region_growing_area_8211 , finished
basc_region_growing_area_9011 , submitted
basc_region_growing_area_8212 , finished
basc_region_growing_area_9012 , submitted
basc_region_growing_area_8301 , finished
basc_region_growing_area_9021 , submitted
basc_region_growing_area_8302 , finished
basc_region_growing_area_9022 , submitted
basc_region_growing_area_9001 , finished
basc_region_growing_area_9031 , submitted
basc_region_growing_area_9002 , finished
basc_region_growing_area_9032 , submitted
basc_region_growing_area_9011 , finished
basc_region_growing_area_9041 , submitted
basc_region_growing_area_9012 , finished
basc_region_growing_area_9042 , submitted
basc_region_growing_area_9021 , finished
basc_region_growing_area_9051 , submitted
basc_region_growing_area_9022 , finished
basc_region_growing_area_9052 , submitted
basc_region_growing_area_9031 , finished
basc_region_growing_area_9061 , submitted
basc_region_growing_area_9032 , finished
basc_region_growing_area_9062 , submitted
basc_region_growing_area_9041 , finished
basc_region_growing_area_9071 , submitted
basc_region_growing_area_9042 , finished
basc_region_growing_area_9072 , submitted
basc_region_growing_area_9051 , finished
basc_region_growing_area_9081 , submitted
basc_region_growing_area_9052 , finished
basc_region_growing_area_9082 , submitted
basc_region_growing_area_9061 , finished
basc_region_growing_area_9100 , submitted
basc_region_growing_area_9062 , finished
basc_region_growing_area_9110 , submitted
fir_stability_ind_subject1 , finished
fir_msteps_ind_subject1 , submitted
fir_stability_ind_subject2 , finished
fir_stability_group_sci5 , submitted
basc_region_growing_area_9071 , finished
fir_stability_group_sci10 , submitted
basc_region_growing_area_9072 , finished
fir_summary_stability_avg_ind , submitted
basc_region_growing_area_9081 , finished
fir_msteps_ind_subject2 , submitted
fir_msteps_ind_subject1 , finished
basc_region_growing_area_9120 , submitted
basc_region_growing_area_9082 , finished
basc_region_growing_area_9130 , submitted
basc_region_growing_area_9100 , finished
basc_region_growing_area_9140 , submitted
basc_region_growing_area_9110 , finished
basc_region_growing_area_9150 , submitted
fir_msteps_ind_subject2 , finished
basc_region_growing_area_9160 , submitted
basc_region_growing_area_9120 , finished
basc_region_growing_area_9170 , submitted
basc_region_growing_area_9130 , finished
gcon_connectome_subject2d , submitted
basc_region_growing_area_9140 , finished
sco_scores_subject2_session1_motor , submitted
basc_region_growing_area_9150 , finished
basc_region_growing_area_9160 , finished
fir_summary_stability_avg_ind , finished
basc_region_growing_area_9170 , finished
basc_merge_part , submitted
basc_merge_part , finished
basc_tseries_atoms_subject1_session1_motor , submitted
basc_tseries_atoms_subject2_session1_motor , submitted
basc_tseries_atoms_subject1_session1_motor , finished
basc_stability_ind_subject1 , submitted
basc_tseries_atoms_subject2_session1_motor , finished
basc_stability_ind_subject2 , submitted
gcon_connectome_subject2d , finished
gcon_cambridge100_glm_mean_subjects , submitted
gcon_cambridge100_glm_effect_subject1 , submitted
gcon_cambridge100_glm_mean_motor , submitted
sco_scores_subject2_session1_motor , finished
gcon_cambridge100_glm_mean_motor_nofisher , submitted
gcon_cambridge100_glm_mean_subjects , finished
gcon_cambridge100_glm_mean_motor_site , submitted
gcon_cambridge100_glm_effect_subject1 , finished
gcon_cambridge100_glm_mean_subjects_site , submitted
gcon_cambridge100_glm_mean_motor , finished
gcon_cambridge100bis_glm_mean_subjects , submitted
gcon_cambridge100_glm_mean_motor_nofisher , finished
gcon_cambridge100bis_glm_effect_subject1 , submitted
gcon_cambridge100_glm_mean_motor_site , finished
gcon_cambridge100bis_glm_mean_motor , submitted
gcon_cambridge100_glm_mean_subjects_site , finished
gcon_cambridge100bis_glm_mean_motor_nofisher , submitted
gcon_cambridge100bis_glm_mean_subjects , finished
gcon_cambridge100bis_glm_mean_motor_site , submitted
gcon_cambridge100bis_glm_effect_subject1 , finished
gcon_cambridge100bis_glm_mean_subjects_site , submitted
gcon_cambridge100bis_glm_mean_motor , finished
gcon_permutation_mean_subjects_batch_1 , submitted
gcon_cambridge100bis_glm_mean_motor_nofisher , finished
gcon_permutation_effect_subject1_batch_1 , submitted
gcon_permutation_mean_subjects_batch_1 , finished
gcon_permutation_mean_motor_batch_1 , submitted
gcon_cambridge100bis_glm_mean_motor_site , finished
gcon_permutation_mean_motor_nofisher_batch_1 , submitted
gcon_cambridge100bis_glm_mean_subjects_site , finished
gcon_permutation_mean_motor_site_batch_1 , submitted
gcon_permutation_effect_subject1_batch_1 , finished
gcon_permutation_mean_subjects_site_batch_1 , submitted
gcon_permutation_mean_motor_batch_1 , finished
gcon_permutation_mean_subjects_batch_2 , submitted
gcon_permutation_mean_motor_nofisher_batch_1 , finished
gcon_permutation_effect_subject1_batch_2 , submitted
gcon_permutation_mean_motor_site_batch_1 , finished
gcon_permutation_mean_motor_batch_2 , submitted
gcon_permutation_mean_subjects_site_batch_1 , finished
gcon_permutation_mean_motor_nofisher_batch_2 , submitted
gcon_permutation_mean_subjects_batch_2 , finished
gcon_permutation_mean_motor_site_batch_2 , submitted
gcon_permutation_effect_subject1_batch_2 , finished
gcon_permutation_mean_subjects_site_batch_2 , submitted
gcon_permutation_mean_motor_batch_2 , finished
gcon_permutation_mean_motor_nofisher_batch_2 , finished
fir_stability_group_sci5 , finished
fir_stability_maps_group_sci5_scg5_scf5 , submitted
fir_figure_stability_group_sci5_scg5_scf5 , submitted
gcon_permutation_mean_motor_site_batch_2 , finished
gcon_permutation_mean_subjects_site_batch_2 , finished
gcon_summary_findings , submitted
gcon_summary_findings , finished
fir_stability_maps_group_sci5_scg5_scf5 , finished
fir_figure_stability_group_sci5_scg5_scf5 , finished
basc_stability_ind_subject1 , finished
basc_msteps_ind_subject1 , submitted
basc_stability_maps_ind_subject1 , submitted
basc_figure_stability_ind_subject1 , submitted
basc_msteps_ind_subject1 , finished
fir_stability_group_sci10 , finished
fir_summary_stability_group , submitted
fir_msteps_group , submitted
fir_stability_maps_group_sci10_scg10_scf10 , submitted
fir_figure_stability_group_sci10_scg10_scf10 , submitted
basc_stability_ind_subject2 , finished
basc_stability_group_sci5 , submitted
basc_stability_group_sci10 , submitted
fir_summary_stability_group , finished
basc_summary_stability_avg_ind , submitted
basc_stability_maps_ind_subject1 , finished
basc_msteps_ind_subject2 , submitted
basc_figure_stability_ind_subject1 , finished
basc_stability_maps_ind_subject2 , submitted
fir_msteps_group , finished
basc_figure_stability_ind_subject2 , submitted
fir_figure_stability_group_sci10_scg10_scf10 , finished
basc_tseries_ind_subject1 , submitted
fir_stability_maps_group_sci10_scg10_scf10 , finished
fir_fir_group_level_subject1 , submitted
basc_msteps_ind_subject2 , finished
fir_fir_group_level_subject2 , submitted
basc_summary_stability_avg_ind , finished
basc_tseries_ind_subject1 , finished
fir_fir_group_level_subject1 , finished
fir_fir_group_level_subject2 , finished
fir_fdr_group_average_sci5_scg5_scf5 , submitted
fir_fdr_group_average_sci10_scg10_scf10 , submitted
basc_figure_stability_ind_subject2 , finished
basc_stability_maps_ind_subject2 , finished
basc_tseries_ind_subject2 , submitted
fir_fdr_group_average_sci5_scg5_scf5 , finished
fir_fdr_group_average_sci10_scg10_scf10 , finished
basc_tseries_ind_subject2 , finished
basc_stability_group_sci5 , finished
basc_stability_maps_group_sci5_scg5_scf5 , submitted
basc_figure_stability_group_sci5_scg5_scf5 , submitted
basc_stability_maps_group_sci5_scg5_scf5 , finished
basc_figure_stability_group_sci5_scg5_scf5 , finished
basc_stability_group_sci10 , finished
basc_summary_stability_group , submitted
basc_msteps_group , submitted
basc_stability_maps_group_sci10_scg10_scf10 , submitted
basc_figure_stability_group_sci10_scg10_scf10 , submitted
basc_stability_maps_mixed_subject1 , submitted
basc_figure_stability_mixed_subject1 , submitted
basc_stability_maps_mixed_subject2 , submitted
basc_figure_stability_mixed_subject2 , submitted
basc_summary_stability_group , finished
basc_msteps_group , finished
basc_stability_maps_group_sci10_scg10_scf10 , finished
basc_tseries_group_subject1 , submitted
basc_tseries_group_subject2 , submitted
basc_figure_stability_group_sci10_scg10_scf10 , finished
basc_figure_stability_mixed_subject1 , finished
basc_stability_maps_mixed_subject1 , finished
basc_tseries_mixed_subject1 , submitted
basc_stability_maps_mixed_subject2 , finished
basc_tseries_mixed_subject2 , submitted
basc_figure_stability_mixed_subject2 , finished
basc_tseries_group_subject1 , finished
basc_tseries_group_subject2 , finished
basc_tseries_mixed_subject1 , finished
basc_tseries_mixed_subject2 , finished
